timestamp,target_a_open,target_a_high,target_a_low,target_a_close,target_a_vol_range,target_a_realvol_5,target_a_direction
2026-01-02,4.989036793585389e-05,0.013939156769779994,-0.012362225773438125,0.0011669282176927655,0.024490809991345192,0.01505690294454645,1
2026-01-05,4.989036793585389e-05,0.013808746051132314,-0.011422658687106835,0.0025822450154553583,0.01991513413958685,0.015244058342727438,1
2026-01-06,4.6157648580530596e-05,0.013985605585141345,-0.011367029589705367,-0.0014822761919872725,0.026248805815488614,0.01505690294454645,0
2026-01-07,4.989036793585389e-05,0.014584970099113517,-0.013524679826610325,0.0018770820624068258,0.029897197991106964,0.015356991138153366,1
2026-01-08,0.00017876301908153992,0.01617934144723099,-0.01657653744912657,2.7549349358251506e-05,0.029153085574088335,0.0166346452255098,1
2026-01-09,0.00018029114786349446,0.014077114295950422,-0.01706948276593964,0.0009721459219863342,0.03264591751724244,0.01643514190495684,1
2026-01-12,0.00010339694876522258,0.014690435019668251,-0.017045632281375837,0.001481111696769133,0.027343149098216644,0.016285701915425128,1
2026-01-13,4.836223915389934e-05,0.018157503103863163,-0.018372474334434383,-0.0007426055350940989,0.036478760825916744,0.017470800858872693,0
2026-01-14,3.720751695838648e-05,0.021561477778929385,-0.020735166580290832,-0.0010545114746646662,0.05345266737977432,0.01876077158518491,0
2026-01-15,9.98711018118057e-05,0.01799078792580439,-0.016412353406880655,0.00295362290146467,0.03662551797858271,0.017946158544806107,1
2026-01-16,4.836223915389934e-05,0.0188744285230484,-0.01548097066424803,0.0022263670036342083,0.030593823845502143,0.019031020111053742,1
2026-01-20,-0.0003683841947084552,0.017461697166633143,-0.018553901909358374,-0.0039629059597830855,0.0397707704025645,0.019306463356294327,0
2026-01-21,0.000223024460631083,0.02020606240833258,-0.017148897276869364,-0.0015115723386666946,0.040742848758739424,0.019376214994291,0
2026-01-22,1.0953577980619028e-05,0.020370745173270484,-0.01591256408269833,-0.00031267549923142627,0.03350067156816718,0.019537255810089436,0
2026-01-23,0.00013563506558185087,0.020026301924253257,-0.01732749083102814,0.0006156808727898148,0.038441639215967854,0.020644789585947603,1
2026-01-26,0.0001856157994578027,0.019774989261450663,-0.018185209860393084,-0.002322444046803522,0.038972907553664074,0.021677980945473473,0
2026-01-27,0.00017304372675513118,0.019787437674572264,-0.023507071544721262,-0.00296504054632637,-0.028874104571217373,0.02155492656974506,0
2026-01-28,0.00013563506558185087,0.01924530280285943,-0.020680612106935187,-0.0016000329223284997,0.03763834582591366,0.02155492656974506,0
2026-01-29,0.00017304372675513118,0.023481556824587097,-0.02329833931484695,-0.003256097552699036,0.06837500138285726,0.025774607073097713,0
2026-01-30,0.00013563506558185087,0.023377147068905098,-0.02335608501321718,-0.003608805357597038,0.07371591039254242,0.025774607073097713,0
2026-02-02,0.00026603584550949144,0.020018058186723073,-0.017371035057264,0.00023184801570898055,0.0396036273984193,0.021799821182662705,1
2026-02-03,1.2481706762573573e-05,0.020746915691579347,-0.019294127737032422,-0.001013100406635063,0.04265580155766745,0.026769253283031605,0
2026-02-04,1.2481706762573573e-05,0.022100801878149747,-0.02464949070358912,-0.004207275963148297,-0.03717866826353188,0.026754483246263595,0
2026-02-05,4.836223915389934e-05,0.024022553443907538,-0.023586523533278888,-0.0005975516274009692,0.059952937586432796,0.027354146621641588,0
2026-02-06,0.00018029114786349446,0.020219181222208497,-0.023483902182762577,-0.0007304909788547959,0.06326474534228396,0.027354146621641588,0
2026-02-09,0.00014288248669021414,0.02039149299832656,-0.02143370330011745,-0.0015314426207327892,0.04328284941595552,0.024734595264453516,0
2026-02-10,0.00017304372675513118,0.020361901915552535,-0.01753077691027856,-0.0007886660969731623,0.03425259075287947,0.02087392230874861,0
2026-02-11,0.0002103416096536156,0.02062834675739567,-0.016919202786079005,0.002578759086947508,0.03614418768743579,0.019984272546365922,1
2026-02-12,4.989036793585389e-05,0.01974184836505384,-0.017988681856780524,-1.8115564815430373e-05,0.03287119901696834,0.018286013878938214,0
2026-02-13,4.989036793585389e-05,0.017424623048088755,-0.017926198085204844,0.001421123856088729,0.03875552214679179,0.018128606699112024,1
2026-02-17,4.989036793585389e-05,0.018292539725517414,-0.01594491335970017,0.0005121695494955684,0.032756523382731016,0.018460562621585467,1
2026-02-18,0.00030344450668277174,0.02061003483475416,-0.019667084501499555,-0.0024417834291002964,0.03790441621801275,0.024734595264453516,0
2026-02-19,0.00017304372675513118,0.026411627604499898,-0.02368768550244585,-0.002631109818435892,0.05069168380183434,0.026754483246263595,0
2026-02-20,0.00018029114786349446,0.02659717667452867,-0.0197549874441243,0.0027348861867062878,0.06880891303671025,0.027354146621641588,1
2026-02-23,4.989036793585389e-05,0.0244342509210488,-0.026645372771742924,-0.0008730832594423463,0.057804060371649486,0.03012095232355345,0
2026-02-24,0.00017876301908153992,0.027847223435311184,-0.022188218087072775,-0.0011352829618314275,0.05669650507753688,0.03012095232355345,0
2026-02-25,0.00017304372675513118,0.024685665140543763,-0.025247309942536628,-0.0012315432893088857,0.04756667783813198,0.03012095232355345,0
2026-02-26,0.00031244312647849833,0.026515477528752832,-0.02688311826794494,0.0022286073469172238,0.05585033618297271,0.030148129712503486,1
2026-02-27,0.00017304372675513118,0.028366975465254157,-0.026561862259122306,0.00020268032058663558,0.08389702276421845,0.029734516897339247,1
2026-03-02,4.989036793585389e-05,0.030963976581612727,-0.03361418602358916,-0.0018876281481124283,0.0983151948398945,0.03071196007655559,0
2026-03-03,4.989036793585389e-05,0.03019249724609819,-0.03595497236940256,-0.00014393395948805688,0.08881836912263509,0.033094481587833874,0
2026-03-04,0.0007879027933226513,0.031129456685154742,-0.03618544369365441,-0.0005564252898112069,0.09441252393877221,0.033094481587833874,0
2026-03-05,0.0013133972607833433,0.030403217480646897,-0.04057137086795516,-0.0008628317466938481,0.12305133978400155,0.033094481587833874,0
2026-03-06,0.0013133972607833433,0.043309103357814766,-0.04274739888572135,-0.002653552460675119,0.11667957391822044,0.039038790636590055,0
2026-03-09,0.0013133972607833433,0.04308849558339742,-0.051829834284296314,-0.0024052354431252972,0.21508144210947397,0.03759786594403435,0
2026-03-10,0.0020662986205793755,0.042195790029214045,-0.05245957500137313,-0.0031090512701215708,0.12976418541242665,0.03813946270391259,0
2026-03-11,0.0020662986205793755,0.04541657883326703,-0.04054064697236771,0.0003867983575214721,0.20543279938998008,0.03813946270391259,1
2026-03-12,0.0020662986205793755,0.044110036457389624,-0.047008539559070736,-0.001767704994079967,0.2653726163193208,0.03871043676736697,0
2026-03-13,0.0020662986205793755,0.04271966274589708,-0.04725070579130141,-0.0015956138383607804,0.131038101494883,0.03871043676736697,0
2026-03-16,0.0020662986205793755,0.04278720002842489,-0.044250464336359326,-0.0006608942652481015,0.18651526098315996,0.03848048530159428,0
2026-03-17,0.0020662986205793755,0.04368287449774882,-0.04040327827770726,0.001047926805492769,0.13367170457713118,0.03848048530159428,1
2026-03-18,0.0020662986205793755,0.04130948805409756,-0.05240808691113698,0.000576570641730774,0.1208183752144457,0.03848048530159428,1
2026-03-19,0.0020662986205793755,0.04130510733950899,-0.04331799464839298,-0.002033309665346691,0.10730134044745167,0.03871043676736697,0
2026-03-20,0.0020662986205793755,0.03664557744683987,-0.04309806987454535,-0.003263865000357655,0.12130365718467714,0.03871043676736697,0
2026-03-23,0.0020662986205793755,0.034649010088007554,-0.05037100028785017,-0.0027993364231995335,0.1410516562850822,0.03813946270391259,0
2026-03-24,0.0020662986205793755,0.03960871779416762,-0.05002085787365121,0.001474364456419374,0.11381602100903675,0.03813946270391259,1
2026-03-25,0.0020662986205793755,0.04049506969747518,-0.04872399873945428,0.002174846135046913,0.12163111817784454,0.03813946270391259,1
2026-03-26,0.0020662986205793755,0.041090697904341465,-0.05176435518163008,-0.0038890774374096527,0.12090790120646748,0.03871043676736697,0
2026-03-27,0.0020662986205793755,0.04152690908283623,-0.05138773683240607,-0.003725453125744424,0.06854976435039145,0.03871043676736697,0
2026-03-30,0.0020662986205793755,0.04303986639805903,-0.05208971404050504,-0.003725453125744424,0.12429039422637037,0.03871043676736697,0
2026-03-31,0.0020662986205793755,0.03938931171723453,-0.052406367440133286,-0.0020726628960029323,0.08735804491764917,0.03656235614931825,0
2026-04-01,0.0020662986205793755,0.04107412359527125,-0.0526223015930925,0.0016178739380045234,0.07295498643635077,0.03633240468354556,1
2026-04-02,0.0020662986205793755,0.04207645657519101,-0.048017047532229025,-0.0030052583664243707,0.09080495685708843,0.03713333021277263,0
2026-04-06,0.0020662986205793755,0.04229825831851825,-0.04967939478242396,-0.001097780419392375,0.10061294627658753,0.03871043676736697,0
2026-04-07,0.0020662986205793755,0.04238924578439674,-0.04907990844175111,0.0007713902553678628,0.08420633159184826,0.03871043676736697,1
2026-04-08,0.0020662986205793755,0.03281029025663835,-0.037218125212737665,0.0026451823860244974,0.07249158780547278,0.030618047100562065,1
2026-04-09,0.0020662986205793755,0.032873469939531594,-0.03771201192250485,0.002405942726637019,0.07258318030767473,0.03003315376195208,1
2026-04-10,0.0015070694601468219,0.030956969025322658,-0.039408401996720195,0.0025322045532188368,0.08410875871403403,0.03001838372518407,1
2026-04-13,0.0020662986205793755,0.03482323534533199,-0.03769958234731357,0.001489563994957989,0.1817534063704906,0.030618047100562065,1
2026-04-14,0.0016379525036729421,0.02912423293532593,-0.03550112925372152,-0.0006154547126768206,0.06637034050429613,0.030618047100562065,0
2026-04-15,0.0011534942170330627,0.029616761824701184,-0.03618435415377039,0.004489180562090663,0.06345191598445706,0.028250295626051795,1
2026-04-16,0.0008922103935793018,0.026679762343192553,-0.03334439413967714,0.0027323443882530853,0.057074639907451236,0.027255649416117904,1
2026-04-17,0.0011534942170330627,0.02542586394464142,-0.029284985991412354,0.00449642659275685,0.07065573430055033,0.027255649416117904,1
2026-04-20,0.0002701920773093894,0.026336776228665544,-0.027054228304075258,0.0047029735751630275,0.06860994336171646,0.027255649416117904,1
2026-04-21,0.0020662986205793755,0.030355195935247964,-0.03236128893048274,0.004901849960533447,0.06973753382955943,0.02883275597071224,1
2026-04-22,0.0013133972607833433,0.02858735758669576,-0.026170340977469935,-0.001065554108892924,0.217346288069946,0.027255649416117904,0
2026-04-23,0.0013133972607833433,0.02453513505389646,-0.028988718715975626,-0.0009046163912247487,0.06576661590658309,0.02667075607750792,0
2026-04-24,0.0007541681003507894,0.0275054941152257,-0.02545210844121575,0.0013209808633505198,0.0729918452793895,0.02607438076037403,1
2026-04-27,0.0007541681003507894,0.02410250579886828,-0.02835697978879242,0.00039299234240307377,0.06278100461784074,0.027010927913577204,1
2026-04-28,0.00013557631442794596,0.022098861037161112,-0.025335811162664895,0.0030922623581556563,0.06104071395198942,0.027255649416117904,1
2026-04-29,0.00013557631442794596,0.02239838041745524,-0.027300233901052788,0.00390517665806365,0.057842101331586,0.027255649416117904,1
2026-04-30,0.0006632213057214194,0.02573282041899423,-0.029727932476036105,-0.0015264164977023798,0.06855939522433288,0.027255649416117904,0
2026-05-01,0.0002681816849289553,0.024507613364587084,-0.02734149648503166,9.177486050159596e-05,0.075688760247689,0.027255649416117904,1
2026-05-04,0.0013133972607833433,0.02629064146657869,-0.028509451888882154,0.0009724314360341457,0.06147668492403874,0.02883275597071224,1
2026-05-05,0.000664749434503374,0.024538363521398397,-0.02648623507440835,-0.0015264164977023798,0.05949047890357786,0.027255649416117904,0
2026-05-06,4.989036793585389e-05,0.024603675093789853,-0.031138021601172034,-0.001279036089477133,0.06864942978000586,0.027255649416117904,0
2026-05-07,0.0002697098137109098,0.02245826163619513,-0.02820726524648255,0.0002825868352471521,0.06487502611779207,0.027255649416117904,1
2026-05-08,0.0002697098137109098,0.022444559756974864,-0.025073956209901375,0.0021413841513609534,0.06253303992724216,0.027255649416117904,1
2026-05-11,0.000664749434503374,0.02333245212625728,-0.03263562714906787,0.0009987395686854206,0.06989757524040702,0.02883275597071224,1
2026-05-12,0.000664749434503374,0.026439975867368952,-0.027292286697287928,0.003585072931655019,0.05652209619682122,0.02883275597071224,1
2026-05-13,0.0002697098137109098,0.02487587570387361,-0.027023003894148884,0.001529645691678547,0.0555222328833909,0.027255649416117904,1
2026-05-14,0.0002697098137109098,0.020969198721814356,-0.02793706348832983,-0.0008390637833788013,0.060076597976314004,0.02667075607750792,0
2026-05-15,4.989036793585389e-05,0.02267983928213265,-0.028266981702634458,0.004544722903303729,0.06249711082396301,0.027255649416117904,1
2026-05-18,0.00013557631442794596,0.02471780374484934,-0.03141157804185583,6.682310018381646e-05,0.0643595238786476,0.027255649416117904,1
2026-05-19,4.989036793585389e-05,0.02348689886918308,-0.03046554354746171,0.0018126102984608568,0.060848835768484294,0.027255649416117904,1
2026-05-20,0.00016760829688602705,0.02213131338364556,-0.02407866675765074,0.000689854098286849,0.06035558147729965,0.027255649416117904,1
2026-05-21,0.0002664593579540661,0.025115950210981505,-0.02524912125882812,0.001066656117295462,0.0635623344920172,0.02883275597071224,1
2026-05-22,0.0008850511438769095,0.02351460499321525,-0.027993503512245884,-0.0013448211133127116,0.06806762057451307,0.030412295519256116,0
2026-05-26,0.0002701920773093894,0.023892198946747135,-0.022747827247624905,-7.928994557814743e-05,0.054460882413867984,0.027255649416117904,0
2026-05-27,0.00040059285723702997,0.022112221395070977,-0.022890266952812894,-0.002047123855088362,0.04503395917491963,0.02708436889267216,0
2026-05-28,0.0003990647284550754,0.02350935501028103,-0.02244427206602234,0.0013205445469594598,0.03805129170229573,0.02835482676423342,1
