timestamp,Close,High,Low,Open,Volume,Ticker,rsi,macd,atr,bollinger_pband,sma_20,ema_12,obv,return,log_return,return_lag_1,return_lag_2,return_lag_3,return_lag_5,dayofweek,month,new_york_temp,new_york_tmin,new_york_tmax,new_york_rhum,new_york_prcp,new_york_snwd,new_york_wspd,new_york_pres,new_york_cldc,moscow_temp,moscow_tmin,moscow_tmax,moscow_rhum,moscow_prcp,moscow_wspd,moscow_pres,moscow_cldc,beijing_temp,beijing_tmin,beijing_tmax,beijing_rhum,beijing_prcp,beijing_wspd,beijing_pres,beijing_cldc,shanghai_temp,shanghai_tmin,shanghai_tmax,shanghai_rhum,shanghai_prcp,shanghai_snwd,shanghai_wspd,shanghai_pres,shanghai_cldc,calgary_temp,calgary_tmin,calgary_tmax,calgary_rhum,calgary_prcp,calgary_snwd,calgary_wspd,calgary_wpgt,calgary_pres,calgary_cldc,toronto_temp,toronto_tmin,toronto_tmax,toronto_rhum,toronto_prcp,toronto_snwd,toronto_wspd,toronto_wpgt,toronto_pres,toronto_cldc,duoarea,area-name,product,product-name,process,process-name,series,series-description,ng_storage_bcf,units,ng_storage_change_wow,ng_storage_5yr_avg,ng_storage_vs_5yr
2026-04-21,92.12999725341797,94.44999694824219,87.76000213623047,87.88999938964844,383596,CL=F,,,0.0,,,,383596,,,,,,,1,4,7.4,3.3,11.7,47,0.0,0,5.8,,2,3.4,1.2,5.9,49,0.0,7.5,1010.6,7,16.3,5.0,27.0,46,0.0,3.1,1012.4,6,15.3,14.0,16.8,61,1.7,0,5.4,1017.0,7,21.7,13.5,29.7,36,0.0,,8.7,45.0,1004.1,6,5.3,1.4,9.0,61,0.0,1,13.0,,1021.5,5,,,,,,,,,,,,,
2026-04-22,92.95999908447266,93.7300033569336,87.63999938964844,90.0,299675,CL=F,,,0.0,,,,683271,0.009009029152271086,0.008968689946171731,,,,,2,4,10.2,7.8,13.0,90,1.3,0,6.5,,6,6.6,-0.0,11.8,47,0.0,3.7,1006.6,3,16.9,8.0,22.0,57,0.0,2.5,1012.4,7,15.6,13.8,17.9,93,31.4,0,4.7,1007.8,6,15.5,9.3,21.6,55,0.2,,28.7,67.6,1004.3,8,11.0,5.0,17.7,58,0.0,1,7.2,,1013.9,1,,,,,,,,,,,,,
2026-04-23,95.8499984741211,98.38999938964844,92.30000305175781,92.9000015258789,365210,CL=F,,,0.0,,,,1048481,0.03108863401582318,0.03061517031722216,0.009009029152271086,,,,3,4,16.3,8.9,23.9,55,0.0,0,3.3,1013.6,4,6.1,4.1,9.0,62,3.5,5.6,996.1,7,17.5,8.0,25.0,59,0.0,3.0,1011.2,6,14.5,12.0,17.0,74,8.1,0,5.2,1012.3,7,9.3,5.7,13.1,50,0.0,0,37.6,82.6,1017.1,7,12.6,8.1,16.6,47,0.0,1,9.5,,1016.7,2,,,,,,,,,,,,,
2026-04-24,94.4000015258789,97.8499984741211,92.68000030517578,96.62000274658203,330280,CL=F,,,0.0,,,,718201,-0.0151277722621318,-0.01524336425678093,0.03108863401582318,0.009009029152271086,,,4,4,14.5,11.1,18.9,56,0.0,0,6.1,1012.4,5,6.2,2.8,9.4,59,0.0,6.2,1000.7,6,18.7,12.0,24.0,72,0.0,1.6,1009.9,8,17.4,11.9,23.4,60,0.0,0,3.6,1016.1,4,6.6,4.1,9.2,49,1.1,3,44.9,91.0,1021.1,8,8.3,4.8,11.9,57,2.0,0,19.1,52.0,1013.8,6,R48,NA,EPG0,Natural Gas,SWO,Underground Storage - Working Gas,NW2_EPG0_SWO_R48_BCF,Weekly Lower 48 States Natural Gas Working Underground Storage (Billion Cubic Feet),2142.0,BCF,,,
2026-04-27,96.37000274658203,97.66999816894531,94.58999633789062,95.5999984741211,219055,CL=F,,,0.0,,,,937256,0.020868656661653384,0.020653889048153545,-0.0151277722621318,0.03108863401582318,0.009009029152271086,,0,4,11.8,5.5,18.5,68,0.0,,9.7,1024.1,0,5.8,2.9,8.4,71,10.2,9.6,1004.2,6,16.8,9.0,25.0,40,0.0,5.7,1013.2,4,23.1,16.8,29.8,58,0.0,0,3.5,1011.4,6,7.7,0.3,15.2,60,0.0,0,12.9,36.4,1019.5,1,11.1,5.7,16.2,58,0.0,2,15.3,54.0,1022.5,4,,,,,,,,,,,,,
2026-04-28,99.93000030517578,101.8499984741211,96.23999786376953,96.66999816894531,281078,CL=F,,,0.0,,,,1218334,0.03694093034276702,0.036274965564013634,0.020868656661653384,-0.0151277722621318,0.03108863401582318,,1,4,13.2,10.5,18.7,68,,,7.7,1021.1,6,6.5,3.4,9.2,68,8.9,10.0,1008.5,6,15.2,8.0,21.2,46,0.0,6.9,1020.4,6,16.1,11.7,22.0,74,14.1,0,12.2,1016.2,7,12.2,3.5,20.8,48,0.0,,11.9,45.9,1017.2,4,12.8,10.1,15.8,76,5.3,1,18.8,33.0,1012.3,8,,,,,,,,,,,,,
2026-04-29,106.87999725341797,108.5999984741211,98.41999816894531,99.70999908447266,318841,CL=F,,,0.0,,,,1537175,0.06954865332750537,0.06723674016293073,0.03694093034276702,0.020868656661653384,-0.0151277722621318,0.009009029152271086,2,4,12.5,10.5,15.5,63,,,13.4,1014.1,7,1.5,-0.7,3.9,82,1.9,14.4,1015.2,8,16.4,4.0,25.0,44,0.0,3.7,1018.8,4,11.1,9.9,11.9,85,23.9,0,6.4,1020.6,6,13.8,4.1,23.1,45,0.0,,9.8,37.3,1023.3,2,10.0,6.6,13.2,71,1.6,1,11.6,37.0,1010.4,8,,,,,,,,,,,,,
2026-04-30,105.06999969482422,110.93000030517578,103.33999633789062,109.06999969482422,341994,CL=F,,,0.0,,,,1195181,-0.01693485783221116,-0.01707989229434016,0.06954865332750537,0.03694093034276702,0.020868656661653384,0.03108863401582318,3,4,12.1,10.2,14.9,66,,,20.5,1005.7,7,,,,,,,,,19.5,9.0,28.0,42,0.0,3.4,1011.7,4,15.0,10.4,19.9,60,0.0,0,5.3,1018.4,3,19.0,8.9,27.7,35,0.0,,7.7,35.0,1019.2,2,9.1,6.0,12.9,58,0.0,1,14.0,32.0,1011.0,4,,,,,,,,,,,,,
2026-05-01,101.94000244140625,106.6500015258789,99.30000305175781,105.13999938964844,268707,CL=F,,,0.0,,,,926474,-0.029789637979528383,-0.03024236293484556,-0.01693485783221116,0.06954865332750537,0.03694093034276702,-0.0151277722621318,4,5,11.6,8.7,15.2,41,,,27.2,1010.3,4,,,,,,,,,19.3,10.0,25.1,50,0.0,6.8,1009.8,8,18.1,11.9,23.8,57,0.0,0,7.4,1016.1,3,20.5,11.8,28.6,34,0.0,,13.6,59.9,1014.3,5,6.7,2.7,10.1,61,0.0,,9.1,,1013.6,4,R48,NA,EPG0,Natural Gas,SWO,Underground Storage - Working Gas,NW2_EPG0_SWO_R48_BCF,Weekly Lower 48 States Natural Gas Working Underground Storage (Billion Cubic Feet),2205.0,BCF,0.02941176470588225,,
2026-05-04,106.41999816894531,107.45999908447266,99.11000061035156,99.7300033569336,342843,CL=F,,,0.0,,,,1269317,0.043947377086969386,0.043009083100958,-0.029789637979528383,-0.01693485783221116,0.06954865332750537,0.020868656661653384,0,5,13.1,9.4,16.6,48,,,16.8,1009.0,5,,,,,,,,,16.5,3.0,26.0,47,0.0,3.1,1011.2,4,20.2,14.8,25.6,59,0.0,0,3.0,1016.8,5,15.9,10.7,21.0,40,0.0,,20.9,58.8,1017.5,7,12.7,8.3,16.9,63,0.0,,20.8,,1004.3,4,,,,,,,,,,,,,
2026-05-05,102.2699966430664,105.4800033569336,101.08000183105469,104.93000030517578,241150,CL=F,,,0.0,,,,1028167,-0.03899644425186555,-0.039777169968601846,0.043947377086969386,-0.029789637979528383,-0.01693485783221116,0.03694093034276702,1,5,14.9,11.1,18.9,53,,,15.1,1007.8,6,,,,,,,,,21.5,12.0,30.0,55,0.0,3.2,1004.2,7,22.1,16.2,27.7,54,0.0,0,4.8,1014.8,2,13.4,8.9,18.0,44,0.0,,11.9,36.9,1019.7,4,12.6,8.1,17.3,72,2.0,,15.2,52.0,1004.0,7,,,,,,,,,,,,,
2026-05-06,95.08000183105469,102.69999694824219,88.66000366210938,102.69999694824219,423491,CL=F,,,0.0,,,99.28309243184894,604676,-0.07030404857746886,-0.07289768024365931,-0.03899644425186555,0.043947377086969386,-0.029789637979528383,0.06954865332750537,2,5,15.2,12.2,18.4,51,,,17.1,1010.5,6,,,,,,,,,21.0,15.0,24.0,55,0.0,2.8,1006.3,8,22.0,16.7,28.5,56,0.0,0,5.8,1012.9,2,17.5,5.5,29.4,39,0.0,,10.7,44.8,1011.1,3,7.4,4.5,10.5,86,2.9,,9.9,37.0,1010.8,8,,,,,,,,,,,,,
2026-05-07,94.80999755859375,97.98999786376953,89.8499984741211,96.30000305175781,392091,CL=F,,,0.0,,,98.59492398980969,212585,-0.002839758805860182,-0.0028437985706823428,-0.07030404857746886,-0.03899644425186555,0.043947377086969386,-0.01693485783221116,3,5,,,,,,,,,,,,,,,,,,,,,,,,,,,,,,,,,,,,,,,,,,,,,,,,,,,,,,,,,,,,,,,,,,,
2026-05-08,95.41999816894531,98.63999938964844,93.81999969482422,98.25,243423,CL=F,47.90561147753555,,7.052141462053571,,,98.10647386352287,456008,0.006433927075829571,0.006413317719185201,-0.002839758805860182,-0.07030404857746886,-0.03899644425186555,-0.029789637979528383,4,5,,,,,,,,,,,,,,,,,,,,,,,,,,,,,,,,,,,,,,,,,,,,,,,,,,,,,,,R48,NA,EPG0,Natural Gas,SWO,Underground Storage - Working Gas,NW2_EPG0_SWO_R48_BCF,Weekly Lower 48 States Natural Gas Working Underground Storage (Billion Cubic Feet),2290.0,BCF,0.038548752834467015,,
2026-05-11,98.06999969482422,100.37000274658203,96.12999725341797,98.19000244140625,256251,CL=F,52.97692571817777,,6.901988827452368,,,98.10086245295385,712259,0.02777197208898463,0.02739332539387481,0.006433927075829571,-0.002839758805860182,-0.07030404857746886,0.043947377086969386,0,5,,,,,,,,,,,,,,,,,,,,,,,,,,,,,,,,,,,,,,,,,,,,,,,,,,,,,,,,,,,,,,,,,,,
2026-05-12,102.18000030517578,102.72000122070312,98.0,98.38999938964844,231747,CL=F,59.553385895928585,,6.746132569827423,,,98.72842212252645,944006,0.04190884697808839,0.04105446059688771,0.02777197208898463,0.006433927075829571,-0.002839758805860182,-0.03899644425186555,1,5,,,,,,,,,,,,,,,,,,,,,,,,,,,,,,,,,,,,,,,,,,,,,,,,,,,,,,,,,,,,,,,,,,,
2026-05-13,101.0199966430664,103.66999816894531,100.55999755859375,102.16000366210938,212582,CL=F,57.125043744059596,,6.48640885843629,,,99.08097204876337,731424,-0.01135255097518939,-0.011417483079780816,0.04190884697808839,0.02777197208898463,0.006433927075829571,-0.07030404857746886,2,5,,,,,,,,,,,,,,,,,,,,,,,,,,,,,,,,,,,,,,,,,,,,,,,,,,,,,,,,,,,,,,,,,,,
2026-05-14,101.16999816894531,102.3499984741211,99.38999938964844,101.0199966430664,173862,CL=F,57.36712936612101,,6.234522446010316,,,99.40236068263752,905286,0.001484869638324282,0.0014837683094879113,-0.01135255097518939,0.04190884697808839,0.02777197208898463,-0.002839758805860182,3,5,,,,,,,,,,,,,,,,,,,,,,,,,,,,,,,,,,,,,,,,,,,,,,,,,,,,,,,,,,,,,,,,,,,
2026-05-15,105.41999816894531,106.0,101.4800033569336,102.05999755859375,96552,CL=F,63.6326221235308,,6.1341995449420565,,,100.32815106514641,1001838,0.0420085013039424,0.041150101938913226,0.001484869638324282,-0.01135255097518939,0.04190884697808839,0.006433927075829571,4,5,,,,,,,,,,,,,,,,,,,,,,,,,,,,,,,,,,,,,,,,,,,,,,,,,,,,,,,R48,NA,EPG0,Natural Gas,SWO,Underground Storage - Working Gas,NW2_EPG0_SWO_R48_BCF,Weekly Lower 48 States Natural Gas Working Underground Storage (Billion Cubic Feet),2391.0,BCF,0.044104803493449696,,
2026-05-18,108.66000366210938,109.47000122070312,102.6500015258789,106.0,117910,CL=F,67.54816042202299,,6.183185269933639,0.9505865769277153,99.80249938964843,101.60997454160226,1119748,0.030734258674256942,0.030271420767915908,0.0420085013039424,0.001484869638324282,-0.01135255097518939,0.02777197208898463,0,5,,,,,,,,,,,,,,,,,,,,,,,,,,,,,,,,,,,,,,,,,,,,,,,,,,,,,,,,,,,,,,,,,,,
2026-05-19,107.7699966430664,109.23999786376953,106.76000213623047,107.11000061035156,206472,CL=F,65.46314755885616,,5.918671731191169,0.868447068819313,100.58449935913086,102.55767024951982,913276,-0.008190750865521235,-0.008224479366151602,0.030734258674256942,0.0420085013039424,0.001484869638324282,0.04190884697808839,1,5,,,,,,,,,,,,,,,,,,,,,,,,,,,,,,,,,,,,,,,,,,,,,,,,,,,,,,,,,,,,,,,,,,,
2026-05-20,98.26000213623047,104.44999694824219,96.94000244140625,104.12000274658203,320034,CL=F,48.30533763851034,,6.269480479081811,0.35894634936266034,100.84949951171875,101.89649053978299,593242,-0.08824343326587436,-0.0923822469785925,-0.008190750865521235,0.030734258674256942,0.0420085013039424,-0.01135255097518939,2,5,,,,,,,,,,,,,,,,,,,,,,,,,,,,,,,,,,,,,,,,,,,,,,,,,,,,,,,,,,,,,,,,,,,
2026-05-21,96.3499984741211,102.66000366210938,95.76000213623047,98.94999694824219,345482,CL=F,45.71383732882824,,6.314517696710175,0.2521390707612838,100.87449951171875,101.0431840681427,247760,-0.019438261964021653,-0.019629669457551128,-0.08824343326587436,-0.008190750865521235,0.030734258674256942,0.001484869638324282,3,5,,,,,,,,,,,,,,,,,,,,,,,,,,,,,,,,,,,,,,,,,,,,,,,,,,,,,,,,,,,,,,,,,,,
2026-05-22,96.5999984741211,99.43000030517578,94.7300033569336,98.0,261142,CL=F,46.1212775738311,,6.199194786105319,0.25260915638907167,100.98449935913087,100.35961705367782,508902,0.0025947068392238037,0.002591346399082562,-0.019438261964021653,-0.08824343326587436,-0.008190750865521235,0.0420085013039424,4,5,,,,,,,,,,,,,,,,,,,,,,,,,,,,,,,,,,,,,,,,,,,,,,,,,,,,,,,R48,NA,EPG0,Natural Gas,SWO,Underground Storage - Working Gas,NW2_EPG0_SWO_R48_BCF,Weekly Lower 48 States Natural Gas Working Underground Storage (Billion Cubic Feet),2483.0,BCF,0.03847762442492675,,
2026-05-26,93.88999938964844,94.69999694824219,89.41000366210938,93.87999725341797,358867,CL=F,42.40580616799551,,6.269966216527204,0.12034246375340094,100.86049919128418,99.36429125921177,150035,-0.02805382119336841,-0.028454847652877157,0.0025947068392238037,-0.019438261964021653,-0.08824343326587436,0.030734258674256942,1,5,,,,,,,,,,,,,,,,,,,,,,,,,,,,,,,,,,,,,,,,,,,,,,,,,,,,,,,,,,,,,,,,,,,
2026-05-27,88.68000030517578,93.69000244140625,87.7699966430664,93.38999938964844,290948,CL=F,36.3440423571989,-0.25286809741375293,6.259254540102549,-0.04766258938148528,100.29799919128418,97.72055418936007,-140913,-0.05549045817809506,-0.05708948958032179,-0.02805382119336841,0.0025947068392238037,-0.019438261964021653,-0.008190750865521235,2,5,,,,,,,,,,,,,,,,,,,,,,,,,,,,,,,,,,,,,,,,,,,,,,,,,,,,,,,,,,,,,,,,,,,
2026-05-28,88.9000015258789,92.5199966430664,87.11000061035156,89.11000061035156,235145,CL=F,36.75516451195033,-0.9377709579400033,6.198593218146284,0.033431772775436866,99.39899940490723,96.36354608728604,94232,0.002480843707104441,0.002477771494425494,-0.05549045817809506,-0.02805382119336841,0.0025947068392238037,-0.08824343326587436,3,5,,,,,,,,,,,,,,,,,,,,,,,,,,,,,,,,,,,,,,,,,,,,,,,,,,,,,,,,,,,,,,,,,,,
2026-05-29,87.36000061035156,89.0199966430664,86.3499984741211,88.55000305175781,242918,CL=F,35.04874852216801,-1.5865379905546035,5.946550714631928,0.038481929394459775,98.5134994506836,94.97838524468074,-148686,-0.01732284464673539,-0.01747464070063098,0.002480843707104441,-0.05549045817809506,-0.02805382119336841,-0.019438261964021653,4,5,,,,,,,,,,,,,,,,,,,,,,,,,,,,,,,,,,,,,,,,,,,,,,,,,,,,,,,,,,,,,,,,,,,
2026-04-21,2.697000026702881,2.7200000286102295,2.6429998874664307,2.674999952316284,94189,NG=F,,,0.0,,,,94189,,,,,,,1,4,7.4,3.3,11.7,47,0.0,0,5.8,,2,3.4,1.2,5.9,49,0.0,7.5,1010.6,7,16.3,5.0,27.0,46,0.0,3.1,1012.4,6,15.3,14.0,16.8,61,1.7,0,5.4,1017.0,7,21.7,13.5,29.7,36,0.0,,8.7,45.0,1004.1,6,5.3,1.4,9.0,61,0.0,1,13.0,,1021.5,5,,,,,,,,,,,,,
2026-04-22,2.7219998836517334,2.763000011444092,2.6760001182556152,2.7009999752044678,78929,NG=F,,,0.0,,,,173118,0.009269505636384956,0.009226807427054838,,,,,2,4,10.2,7.8,13.0,90,1.3,0,6.5,,6,6.6,-0.0,11.8,47,0.0,3.7,1006.6,3,16.9,8.0,22.0,57,0.0,2.5,1012.4,7,15.6,13.8,17.9,93,31.4,0,4.7,1007.8,6,15.5,9.3,21.6,55,0.2,,28.7,67.6,1004.3,8,11.0,5.0,17.7,58,0.0,1,7.2,,1013.9,1,,,,,,,,,,,,,
2026-04-23,2.614000082015991,2.740000009536743,2.568000078201294,2.7179999351501465,79279,NG=F,,,0.0,,,,93839,-0.03967663712419178,-0.040485214907908705,0.009269505636384956,,,,3,4,16.3,8.9,23.9,55,0.0,0,3.3,1013.6,4,6.1,4.1,9.0,62,3.5,5.6,996.1,7,17.5,8.0,25.0,59,0.0,3.0,1011.2,6,14.5,12.0,17.0,74,8.1,0,5.2,1012.3,7,9.3,5.7,13.1,50,0.0,0,37.6,82.6,1017.1,7,12.6,8.1,16.6,47,0.0,1,9.5,,1016.7,2,,,,,,,,,,,,,
2026-04-24,2.5230000019073486,2.5940001010894775,2.494999885559082,2.5940001010894775,50988,NG=F,,,0.0,,,,42851,-0.034812577373165454,-0.035432976162790716,-0.03967663712419178,0.009269505636384956,,,4,4,14.5,11.1,18.9,56,0.0,0,6.1,1012.4,5,6.2,2.8,9.4,59,0.0,6.2,1000.7,6,18.7,12.0,24.0,72,0.0,1.6,1009.9,8,17.4,11.9,23.4,60,0.0,0,3.6,1016.1,4,6.6,4.1,9.2,49,1.1,3,44.9,91.0,1021.1,8,8.3,4.8,11.9,57,2.0,0,19.1,52.0,1013.8,6,R48,NA,EPG0,Natural Gas,SWO,Underground Storage - Working Gas,NW2_EPG0_SWO_R48_BCF,Weekly Lower 48 States Natural Gas Working Underground Storage (Billion Cubic Feet),2142.0,BCF,,,
2026-04-27,2.549999952316284,2.630000114440918,2.505000114440918,2.505000114440918,65552,NG=F,,,0.0,,,,108403,0.010701526115150184,0.010644670055933078,-0.034812577373165454,-0.03967663712419178,0.009269505636384956,,0,4,11.8,5.5,18.5,68,0.0,,9.7,1024.1,0,5.8,2.9,8.4,71,10.2,9.6,1004.2,6,16.8,9.0,25.0,40,0.0,5.7,1013.2,4,23.1,16.8,29.8,58,0.0,0,3.5,1011.4,6,7.7,0.3,15.2,60,0.0,0,12.9,36.4,1019.5,1,11.1,5.7,16.2,58,0.0,2,15.3,54.0,1022.5,4,,,,,,,,,,,,,
2026-04-28,2.559000015258789,2.578000068664551,2.4830000400543213,2.5390000343322754,102074,NG=F,,,0.0,,,,210477,0.0035294365140399186,0.0035232226696073326,0.010701526115150184,-0.034812577373165454,-0.03967663712419178,,1,4,13.2,10.5,18.7,68,,,7.7,1021.1,6,6.5,3.4,9.2,68,8.9,10.0,1008.5,6,15.2,8.0,21.2,46,0.0,6.9,1020.4,6,16.1,11.7,22.0,74,14.1,0,12.2,1016.2,7,12.2,3.5,20.8,48,0.0,,11.9,45.9,1017.2,4,12.8,10.1,15.8,76,5.3,1,18.8,33.0,1012.3,8,,,,,,,,,,,,,
2026-04-29,2.6470000743865967,2.691999912261963,2.615000009536743,2.680000066757202,98371,NG=F,,,0.0,,,,308848,0.03438845588240769,0.03381038820674601,0.0035294365140399186,0.010701526115150184,-0.034812577373165454,0.009269505636384956,2,4,12.5,10.5,15.5,63,,,13.4,1014.1,7,1.5,-0.7,3.9,82,1.9,14.4,1015.2,8,16.4,4.0,25.0,44,0.0,3.7,1018.8,4,11.1,9.9,11.9,85,23.9,0,6.4,1020.6,6,13.8,4.1,23.1,45,0.0,,9.8,37.3,1023.3,2,10.0,6.6,13.2,71,1.6,1,11.6,37.0,1010.4,8,,,,,,,,,,,,,
2026-04-30,2.7669999599456787,2.7939999103546143,2.5920000076293945,2.6489999294281006,172760,NG=F,,,0.0,,,,481608,0.04533429625493701,0.04433673498187587,0.03438845588240769,0.0035294365140399186,0.010701526115150184,-0.03967663712419178,3,4,12.1,10.2,14.9,66,,,20.5,1005.7,7,,,,,,,,,19.5,9.0,28.0,42,0.0,3.4,1011.7,4,15.0,10.4,19.9,60,0.0,0,5.3,1018.4,3,19.0,8.9,27.7,35,0.0,,7.7,35.0,1019.2,2,9.1,6.0,12.9,58,0.0,1,14.0,32.0,1011.0,4,,,,,,,,,,,,,
2026-05-01,2.7799999713897705,2.821000099182129,2.746000051498413,2.755000114440918,111530,NG=F,,,0.0,,,,593138,0.004698233332951274,0.004687231082028841,0.04533429625493701,0.03438845588240769,0.0035294365140399186,-0.034812577373165454,4,5,11.6,8.7,15.2,41,,,27.2,1010.3,4,,,,,,,,,19.3,10.0,25.1,50,0.0,6.8,1009.8,8,18.1,11.9,23.8,57,0.0,0,7.4,1016.1,3,20.5,11.8,28.6,34,0.0,,13.6,59.9,1014.3,5,6.7,2.7,10.1,61,0.0,,9.1,,1013.6,4,R48,NA,EPG0,Natural Gas,SWO,Underground Storage - Working Gas,NW2_EPG0_SWO_R48_BCF,Weekly Lower 48 States Natural Gas Working Underground Storage (Billion Cubic Feet),2205.0,BCF,0.02941176470588225,,
2026-05-04,2.867000102996826,2.882999897003174,2.752000093460083,2.7829999923706055,125100,NG=F,,,0.0,,,,718238,0.031295011691515606,0.030815305415084128,0.004698233332951274,0.04533429625493701,0.03438845588240769,0.010701526115150184,0,5,13.1,9.4,16.6,48,,,16.8,1009.0,5,,,,,,,,,16.5,3.0,26.0,47,0.0,3.1,1011.2,4,20.2,14.8,25.6,59,0.0,0,3.0,1016.8,5,15.9,10.7,21.0,40,0.0,,20.9,58.8,1017.5,7,12.7,8.3,16.9,63,0.0,,20.8,,1004.3,4,,,,,,,,,,,,,
2026-05-05,2.7880001068115234,2.868000030517578,2.759999990463257,2.8510000705718994,115367,NG=F,,,0.0,,,,602871,-0.02755493315215629,-0.02794169161674016,0.031295011691515606,0.004698233332951274,0.04533429625493701,0.0035294365140399186,1,5,14.9,11.1,18.9,53,,,15.1,1007.8,6,,,,,,,,,21.5,12.0,30.0,55,0.0,3.2,1004.2,7,22.1,16.2,27.7,54,0.0,0,4.8,1014.8,2,13.4,8.9,18.0,44,0.0,,11.9,36.9,1019.7,4,12.6,8.1,17.3,72,2.0,,15.2,52.0,1004.0,7,,,,,,,,,,,,,
2026-05-06,2.7300000190734863,2.7890000343322754,2.690000057220459,2.7809998989105225,107146,NG=F,,,0.0,,,2.718602762819248,495725,-0.02080347400142979,-0.021022915025946665,-0.02755493315215629,0.031295011691515606,0.004698233332951274,0.03438845588240769,2,5,15.2,12.2,18.4,51,,,17.1,1010.5,6,,,,,,,,,21.0,15.0,24.0,55,0.0,2.8,1006.3,8,22.0,16.7,28.5,56,0.0,0,5.8,1012.9,2,17.5,5.5,29.4,39,0.0,,10.7,44.8,1011.1,3,7.4,4.5,10.5,86,2.9,,9.9,37.0,1010.8,8,,,,,,,,,,,,,
2026-05-07,2.7690000534057617,2.812999963760376,2.6760001182556152,2.7260000705718994,166306,NG=F,,,0.0,,,2.72635619214025,662031,0.014285726761830375,0.014184647292352501,-0.02080347400142979,-0.02755493315215629,0.031295011691515606,0.04533429625493701,3,5,,,,,,,,,,,,,,,,,,,,,,,,,,,,,,,,,,,,,,,,,,,,,,,,,,,,,,,,,,,,,,,,,,,
2026-05-08,2.756999969482422,2.8450000286102295,2.734999895095825,2.7880001068115234,124590,NG=F,55.34924674392871,,0.1192857027053833,,,2.731070619423661,537441,-0.00433372469913107,-0.004343142503311355,0.014285726761830375,-0.02080347400142979,-0.02755493315215629,0.004698233332951274,4,5,,,,,,,,,,,,,,,,,,,,,,,,,,,,,,,,,,,,,,,,,,,,,,,,,,,,,,,R48,NA,EPG0,Natural Gas,SWO,Underground Storage - Working Gas,NW2_EPG0_SWO_R48_BCF,Weekly Lower 48 States Natural Gas Working Underground Storage (Billion Cubic Feet),2290.0,BCF,0.038548752834467015,,
2026-05-11,2.9100000858306885,2.936000108718872,2.750999927520752,2.752000093460083,162409,NG=F,66.67681804719157,,0.12397959402629308,,,2.7585982296401266,699850,0.05549514618855422,0.05400998970594819,-0.00433372469913107,0.014285726761830375,-0.02080347400142979,0.031295011691515606,0,5,,,,,,,,,,,,,,,,,,,,,,,,,,,,,,,,,,,,,,,,,,,,,,,,,,,,,,,,,,,,,,,,,,,
2026-05-12,2.8429999351501465,2.944999933242798,2.803999900817871,2.9260001182556152,140080,NG=F,59.552010401997954,,0.12519533962619547,,,2.771583107410899,559770,-0.023024106083974982,-0.023293300819980232,0.05549514618855422,-0.00433372469913107,0.014285726761830375,-0.02755493315215629,1,5,,,,,,,,,,,,,,,,,,,,,,,,,,,,,,,,,,,,,,,,,,,,,,,,,,,,,,,,,,,,,,,,,,,
2026-05-13,2.864000082015991,2.927000045776367,2.812999963760376,2.8329999446868896,132794,NG=F,60.96012478442939,,0.12439567836832374,,,2.7858011035039905,692564,0.007386615316519851,0.007359467876764854,-0.023024106083974982,0.05549514618855422,-0.00433372469913107,-0.02080347400142979,2,5,,,,,,,,,,,,,,,,,,,,,,,,,,,,,,,,,,,,,,,,,,,,,,,,,,,,,,,,,,,,,,,,,,,
2026-05-14,2.8940000534057617,2.921999931335449,2.7980000972747803,2.867000102996826,144509,NG=F,62.944730170969144,,0.12436740377491982,,,2.8024470957965706,837073,0.010474850045623318,0.010420368927985209,0.007386615316519851,-0.023024106083974982,0.05549514618855422,0.014285726761830375,3,5,,,,,,,,,,,,,,,,,,,,,,,,,,,,,,,,,,,,,,,,,,,,,,,,,,,,,,,,,,,,,,,,,,,
2026-05-15,2.9600000381469727,2.9820001125335693,2.8940000534057617,2.9200000762939453,144038,NG=F,66.92795215697831,,0.1217697363001261,,,2.8266860100043245,981111,0.02280579942061145,0.02254963456020712,0.010474850045623318,0.007386615316519851,-0.023024106083974982,-0.00433372469913107,4,5,,,,,,,,,,,,,,,,,,,,,,,,,,,,,,,,,,,,,,,,,,,,,,,,,,,,,,,R48,NA,EPG0,Natural Gas,SWO,Underground Storage - Working Gas,NW2_EPG0_SWO_R48_BCF,Weekly Lower 48 States Natural Gas Working Underground Storage (Billion Cubic Feet),2391.0,BCF,0.044104803493449696,,
2026-05-18,3.0239999294281006,3.0899999141693115,2.9670000076293945,2.99399995803833,149997,NG=F,70.26576087440702,,0.1223576034231413,0.98487921831132,2.7632500171661376,2.8570419976079826,1131108,0.021621584613624956,0.021391153756558264,0.02280579942061145,0.010474850045623318,0.007386615316519851,0.05549514618855422,0,5,,,,,,,,,,,,,,,,,,,,,,,,,,,,,,,,,,,,,,,,,,,,,,,,,,,,,,,,,,,,,,,,,,,
2026-05-19,3.114000082015991,3.132999897003174,3.00600004196167,3.0309998989105225,144723,NG=F,74.207929971929,,0.12268919282445291,1.037192297162453,2.784100019931793,2.89657401059383,1275831,0.029761955915426075,0.02932766476961463,0.021621584613624956,0.02280579942061145,0.010474850045623318,-0.023024106083974982,1,5,,,,,,,,,,,,,,,,,,,,,,,,,,,,,,,,,,,,,,,,,,,,,,,,,,,,,,,,,,,,,,,,,,,
2026-05-20,3.003999948501587,3.138000011444092,2.984999895095825,3.11299991607666,149151,NG=F,63.182190030438434,,0.12485425879043961,0.8215777024617383,2.798200023174286,2.913101077964254,1126680,-0.035324383627886924,-0.035963382991024376,0.029761955915426075,0.021621584613624956,0.02280579942061145,0.007386615316519851,2,5,,,,,,,,,,,,,,,,,,,,,,,,,,,,,,,,,,,,,,,,,,,,,,,,,,,,,,,,,,,,,,,,,,,
2026-05-21,3.0179998874664307,3.065999984741211,2.9800000190734863,3.0299999713897705,73478,NG=F,63.917004376627176,,0.12207895213881712,0.810011616244528,2.8184000134468077,2.929239356349204,1200158,0.004660432491627287,0.00464960629958321,-0.035324383627886924,0.029761955915426075,0.021621584613624956,0.010474850045623318,3,5,,,,,,,,,,,,,,,,,,,,,,,,,,,,,,,,,,,,,,,,,,,,,,,,,,,,,,,,,,,,,,,,,,,
2026-05-22,2.9070000648498535,3.009999990463257,2.888000011444092,3.0,63029,NG=F,54.61068184956789,,0.12264473241621153,0.6181354802482222,2.837600016593933,2.925817926887765,1137129,-0.036779266651915,-0.03747267917328176,0.004660432491627287,-0.035324383627886924,0.029761955915426075,0.02280579942061145,4,5,,,,,,,,,,,,,,,,,,,,,,,,,,,,,,,,,,,,,,,,,,,,,,,,,,,,,,,R48,NA,EPG0,Natural Gas,SWO,Underground Storage - Working Gas,NW2_EPG0_SWO_R48_BCF,Weekly Lower 48 States Natural Gas Working Underground Storage (Billion Cubic Feet),2483.0,BCF,0.03847762442492675,,
2026-05-26,2.8940000534057617,2.989000082015991,2.8589999675750732,2.9000000953674316,55626,NG=F,53.625894703136126,,0.1231701168465477,0.574514632850579,2.854800021648407,2.9209228694289955,1081503,-0.004471968061260823,-0.004481997221657268,-0.036779266651915,0.004660432491627287,-0.035324383627886924,0.021621584613624956,1,5,,,,,,,,,,,,,,,,,,,,,,,,,,,,,,,,,,,,,,,,,,,,,,,,,,,,,,,,,,,,,,,,,,,
2026-05-27,3.0399999618530273,3.055000066757202,2.8570001125335693,2.9100000858306885,188474,NG=F,61.9291890320887,0.07591635095221427,0.1285151052306252,0.839780738754832,2.878850018978119,2.939242422109616,1269977,0.050449172685898214,0.04921785620653162,-0.004471968061260823,-0.036779266651915,0.004660432491627287,0.029761955915426075,2,5,,,,,,,,,,,,,,,,,,,,,,,,,,,,,,,,,,,,,,,,,,,,,,,,,,,,,,,,,,,,,,,,,,,
2026-05-28,3.2850000858306885,3.305999994277954,3.056999921798706,3.0880000591278076,200655,NG=F,71.2363510271191,0.09787472548051213,0.13833545717307533,1.1860117488837745,2.9107500195503233,2.992435908835935,1470632,0.08059214705658135,0.0775091751948529,0.050449172685898214,-0.004471968061260823,-0.036779266651915,-0.035324383627886924,3,5,,,,,,,,,,,,,,,,,,,,,,,,,,,,,,,,,,,,,,,,,,,,,,,,,,,,,,,,,,,,,,,,,,,
2026-05-29,3.2899999618530273,3.388000011444092,3.2720000743865967,3.2990000247955322,151828,NG=F,71.39006721212013,0.11436204918987203,0.1367400628791053,1.0689162083044377,2.936900019645691,3.0382149939154877,1622460,0.0015220322349167592,0.0015208751178189123,0.08059214705658135,0.050449172685898214,-0.004471968061260823,0.004660432491627287,4,5,,,,,,,,,,,,,,,,,,,,,,,,,,,,,,,,,,,,,,,,,,,,,,,,,,,,,,,,,,,,,,,,,,,
2026-04-21,4698.39990234375,4705.0,4676.39990234375,4698.39990234375,1197,GC=F,,,0.0,,,,1197,,,,,,,1,4,7.4,3.3,11.7,47,0.0,0,5.8,,2,3.4,1.2,5.9,49,0.0,7.5,1010.6,7,16.3,5.0,27.0,46,0.0,3.1,1012.4,6,15.3,14.0,16.8,61,1.7,0,5.4,1017.0,7,21.7,13.5,29.7,36,0.0,,8.7,45.0,1004.1,6,5.3,1.4,9.0,61,0.0,1,13.0,,1021.5,5,,,,,,,,,,,,,
2026-04-22,4732.5,4754.2001953125,4732.5,4754.2001953125,765,GC=F,,,0.0,,,,1962,0.007257810821773569,0.007231599660169754,,,,,2,4,10.2,7.8,13.0,90,1.3,0,6.5,,6,6.6,-0.0,11.8,47,0.0,3.7,1006.6,3,16.9,8.0,22.0,57,0.0,2.5,1012.4,7,15.6,13.8,17.9,93,31.4,0,4.7,1007.8,6,15.5,9.3,21.6,55,0.2,,28.7,67.6,1004.3,8,11.0,5.0,17.7,58,0.0,1,7.2,,1013.9,1,,,,,,,,,,,,,
2026-04-23,4705.10009765625,4732.39990234375,4705.10009765625,4711.5,292,GC=F,,,0.0,,,,1670,-0.0057897310816165115,-0.00580655654933497,0.007257810821773569,,,,3,4,16.3,8.9,23.9,55,0.0,0,3.3,1013.6,4,6.1,4.1,9.0,62,3.5,5.6,996.1,7,17.5,8.0,25.0,59,0.0,3.0,1011.2,6,14.5,12.0,17.0,74,8.1,0,5.2,1012.3,7,9.3,5.7,13.1,50,0.0,0,37.6,82.6,1017.1,7,12.6,8.1,16.6,47,0.0,1,9.5,,1016.7,2,,,,,,,,,,,,,
2026-04-24,4722.2998046875,4722.2998046875,4657.5,4695.0,45,GC=F,,,0.0,,,,1715,0.0036555454027040746,0.003648880135128687,-0.0057897310816165115,0.007257810821773569,,,4,4,14.5,11.1,18.9,56,0.0,0,6.1,1012.4,5,6.2,2.8,9.4,59,0.0,6.2,1000.7,6,18.7,12.0,24.0,72,0.0,1.6,1009.9,8,17.4,11.9,23.4,60,0.0,0,3.6,1016.1,4,6.6,4.1,9.2,49,1.1,3,44.9,91.0,1021.1,8,8.3,4.8,11.9,57,2.0,0,19.1,52.0,1013.8,6,R48,NA,EPG0,Natural Gas,SWO,Underground Storage - Working Gas,NW2_EPG0_SWO_R48_BCF,Weekly Lower 48 States Natural Gas Working Underground Storage (Billion Cubic Feet),2142.0,BCF,,,
2026-04-27,4675.39990234375,4711.10009765625,4675.39990234375,4707.60009765625,538,GC=F,,,0.0,,,,1177,-0.009931580857529543,-0.00998122799658474,0.0036555454027040746,-0.0057897310816165115,0.007257810821773569,,0,4,11.8,5.5,18.5,68,0.0,,9.7,1024.1,0,5.8,2.9,8.4,71,10.2,9.6,1004.2,6,16.8,9.0,25.0,40,0.0,5.7,1013.2,4,23.1,16.8,29.8,58,0.0,0,3.5,1011.4,6,7.7,0.3,15.2,60,0.0,0,12.9,36.4,1019.5,1,11.1,5.7,16.2,58,0.0,2,15.3,54.0,1022.5,4,,,,,,,,,,,,,
2026-04-28,4591.5,4680.89990234375,4591.5,4680.89990234375,2660,GC=F,,,0.0,,,,-1483,-0.01794496815164226,-0.01810793161911003,-0.009931580857529543,0.0036555454027040746,-0.0057897310816165115,,1,4,13.2,10.5,18.7,68,,,7.7,1021.1,6,6.5,3.4,9.2,68,8.9,10.0,1008.5,6,15.2,8.0,21.2,46,0.0,6.9,1020.4,6,16.1,11.7,22.0,74,14.1,0,12.2,1016.2,7,12.2,3.5,20.8,48,0.0,,11.9,45.9,1017.2,4,12.8,10.1,15.8,76,5.3,1,18.8,33.0,1012.3,8,,,,,,,,,,,,,
2026-04-29,4545.2001953125,4601.60009765625,4515.7001953125,4598.60009765625,507,GC=F,,,0.0,,,,-1990,-0.010083808055646348,-0.010134994038567446,-0.01794496815164226,-0.009931580857529543,0.0036555454027040746,0.007257810821773569,2,4,12.5,10.5,15.5,63,,,13.4,1014.1,7,1.5,-0.7,3.9,82,1.9,14.4,1015.2,8,16.4,4.0,25.0,44,0.0,3.7,1018.8,4,11.1,9.9,11.9,85,23.9,0,6.4,1020.6,6,13.8,4.1,23.1,45,0.0,,9.8,37.3,1023.3,2,10.0,6.6,13.2,71,1.6,1,11.6,37.0,1010.4,8,,,,,,,,,,,,,
2026-04-30,4614.7001953125,4636.7001953125,4561.89990234375,4561.89990234375,77,GC=F,,,0.0,,,,-1913,0.01529085563088639,0.015175128715866765,-0.010083808055646348,-0.01794496815164226,-0.009931580857529543,-0.0057897310816165115,3,4,12.1,10.2,14.9,66,,,20.5,1005.7,7,,,,,,,,,19.5,9.0,28.0,42,0.0,3.4,1011.7,4,15.0,10.4,19.9,60,0.0,0,5.3,1018.4,3,19.0,8.9,27.7,35,0.0,,7.7,35.0,1019.2,2,9.1,6.0,12.9,58,0.0,1,14.0,32.0,1011.0,4,,,,,,,,,,,,,
2026-05-01,4629.89990234375,4636.7001953125,4581.7001953125,4636.7001953125,113,GC=F,,,0.0,,,,-1800,0.003293758291533111,0.0032883457515008366,0.01529085563088639,-0.010083808055646348,-0.01794496815164226,0.0036555454027040746,4,5,11.6,8.7,15.2,41,,,27.2,1010.3,4,,,,,,,,,19.3,10.0,25.1,50,0.0,6.8,1009.8,8,18.1,11.9,23.8,57,0.0,0,7.4,1016.1,3,20.5,11.8,28.6,34,0.0,,13.6,59.9,1014.3,5,6.7,2.7,10.1,61,0.0,,9.1,,1013.6,4,R48,NA,EPG0,Natural Gas,SWO,Underground Storage - Working Gas,NW2_EPG0_SWO_R48_BCF,Weekly Lower 48 States Natural Gas Working Underground Storage (Billion Cubic Feet),2205.0,BCF,0.02941176470588225,,
2026-05-04,4519.5,4581.2001953125,4512.7001953125,4581.2001953125,20,GC=F,,,0.0,,,,-1820,-0.02384498686199743,-0.024133880243911433,0.003293758291533111,0.01529085563088639,-0.010083808055646348,-0.009931580857529543,0,5,13.1,9.4,16.6,48,,,16.8,1009.0,5,,,,,,,,,16.5,3.0,26.0,47,0.0,3.1,1011.2,4,20.2,14.8,25.6,59,0.0,0,3.0,1016.8,5,15.9,10.7,21.0,40,0.0,,20.9,58.8,1017.5,7,12.7,8.3,16.9,63,0.0,,20.8,,1004.3,4,,,,,,,,,,,,,
2026-05-05,4555.7998046875,4580.5,4547.60009765625,4547.60009765625,426,GC=F,,,0.0,,,,-1394,0.008031818716119021,0.007999735337601302,-0.02384498686199743,0.003293758291533111,0.01529085563088639,-0.01794496815164226,1,5,14.9,11.1,18.9,53,,,15.1,1007.8,6,,,,,,,,,21.5,12.0,30.0,55,0.0,3.2,1004.2,7,22.1,16.2,27.7,54,0.0,0,4.8,1014.8,2,13.4,8.9,18.0,44,0.0,,11.9,36.9,1019.7,4,12.6,8.1,17.3,72,2.0,,15.2,52.0,1004.0,7,,,,,,,,,,,,,
2026-05-06,4681.89990234375,4712.60009765625,4663.60009765625,4663.60009765625,212,GC=F,,,0.0,,,4629.430916487787,-1182,0.027679025212324904,0.027302885994594444,0.008031818716119021,-0.02384498686199743,0.003293758291533111,-0.010083808055646348,2,5,15.2,12.2,18.4,51,,,17.1,1010.5,6,,,,,,,,,21.0,15.0,24.0,55,0.0,2.8,1006.3,8,22.0,16.7,28.5,56,0.0,0,5.8,1012.9,2,17.5,5.5,29.4,39,0.0,,10.7,44.8,1011.1,3,7.4,4.5,10.5,86,2.9,,9.9,37.0,1010.8,8,,,,,,,,,,,,,
2026-05-07,4699.7998046875,4736.2001953125,4699.7998046875,4704.7998046875,254,GC=F,,,0.0,,,4640.256899287742,-928,0.0038232133785665035,0.0038159234729661404,0.027679025212324904,0.008031818716119021,-0.02384498686199743,0.01529085563088639,3,5,,,,,,,,,,,,,,,,,,,,,,,,,,,,,,,,,,,,,,,,,,,,,,,,,,,,,,,,,,,,,,,,,,,
2026-05-08,4720.39990234375,4724.7998046875,4713.60009765625,4714.39990234375,120,GC=F,56.75607550595411,,68.54286411830357,,,4652.58659206559,-808,0.0043831862020387025,0.00437360801983576,0.0038232133785665035,0.027679025212324904,0.008031818716119021,0.003293758291533111,4,5,,,,,,,,,,,,,,,,,,,,,,,,,,,,,,,,,,,,,,,,,,,,,,,,,,,,,,,R48,NA,EPG0,Natural Gas,SWO,Underground Storage - Working Gas,NW2_EPG0_SWO_R48_BCF,Weekly Lower 48 States Natural Gas Working Underground Storage (Billion Cubic Feet),2290.0,BCF,0.038548752834467015,,
2026-05-11,4718.7001953125,4729.5,4718.7001953125,4729.5,36,GC=F,56.52330333907692,,64.41835987324617,,,4662.757915642037,-844,-0.0003600769143322635,-0.0003601417575905551,0.0043831862020387025,0.0038232133785665035,0.027679025212324904,-0.02384498686199743,0,5,,,,,,,,,,,,,,,,,,,,,,,,,,,,,,,,,,,,,,,,,,,,,,,,,,,,,,,,,,,,,,,,,,,
2026-05-12,4677.60009765625,4765.2001953125,4677.60009765625,4762.2001953125,93,GC=F,51.06911092491731,,66.07419828631787,,,4665.041328259608,-937,-0.008710046401565918,-0.008748200566985706,-0.0003600769143322635,0.0043831862020387025,0.0038232133785665035,0.008031818716119021,1,5,,,,,,,,,,,,,,,,,,,,,,,,,,,,,,,,,,,,,,,,,,,,,,,,,,,,,,,,,,,,,,,,,,,
2026-05-13,4697.7001953125,4722.7001953125,4679.5,4722.7001953125,228,GC=F,53.435560717212724,,64.57604824131302,,,4670.065769344668,-709,0.004297096211008045,0.0042878900568158315,-0.008710046401565918,-0.0003600769143322635,0.0043831862020387025,0.027679025212324904,2,5,,,,,,,,,,,,,,,,,,,,,,,,,,,,,,,,,,,,,,,,,,,,,,,,,,,,,,,,,,,,,,,,,,,
2026-05-14,4678.10009765625,4678.10009765625,4650.2998046875,4678.10009765625,5,GC=F,50.85285864909458,,63.34921555443351,,,4671.301819854142,-714,-0.004172275122156011,-0.004181003348170271,0.004297096211008045,-0.008710046401565918,-0.0003600769143322635,0.0038232133785665035,3,5,,,,,,,,,,,,,,,,,,,,,,,,,,,,,,,,,,,,,,,,,,,,,,,,,,,,,,,,,,,,,,,,,,,
2026-05-15,4555.7998046875,4615.2001953125,4524.2998046875,4615.2001953125,607,GC=F,38.38570295504062,,69.81000679831327,,,4653.5322790592745,-1321,-0.02614315436089598,-0.026490961871465643,-0.004172275122156011,0.004297096211008045,-0.008710046401565918,0.0043831862020387025,4,5,,,,,,,,,,,,,,,,,,,,,,,,,,,,,,,,,,,,,,,,,,,,,,,,,,,,,,,R48,NA,EPG0,Natural Gas,SWO,Underground Storage - Working Gas,NW2_EPG0_SWO_R48_BCF,Weekly Lower 48 States Natural Gas Working Underground Storage (Billion Cubic Feet),2391.0,BCF,0.044104803493449696,,
2026-05-18,4552.5,4570.2998046875,4538.7001953125,4563.0,38,GC=F,38.114193990854076,,67.08069269664803,0.15192179150765978,4648.639990234375,4637.988851511694,-1359,-0.000724308536144358,-0.0007245709743039084,-0.02614315436089598,-0.004172275122156011,0.004297096211008045,-0.0003600769143322635,0,5,,,,,,,,,,,,,,,,,,,,,,,,,,,,,,,,,,,,,,,,,,,,,,,,,,,,,,,,,,,,,,,,,,,
2026-05-19,4506.2998046875,4552.60009765625,4506.2001953125,4551.7001953125,875,GC=F,34.44110071408012,,65.60349338572674,0.055168960280752924,4639.034985351563,4617.728998154125,-2234,-0.01014831308347064,-0.01020015827174435,-0.000724308536144358,-0.02614315436089598,-0.004172275122156011,-0.008710046401565918,1,5,,,,,,,,,,,,,,,,,,,,,,,,,,,,,,,,,,,,,,,,,,,,,,,,,,,,,,,,,,,,,,,,,,,
2026-05-20,4531.2998046875,4531.2998046875,4465.10009765625,4502.60009765625,981,GC=F,37.92710638094841,,65.64608007469268,0.17390300616809698,4628.9749755859375,4604.43219915926,-1253,0.0055477888918964435,0.005532456591871891,-0.01014831308347064,-0.000724308536144358,-0.02614315436089598,0.004297096211008045,2,5,,,,,,,,,,,,,,,,,,,,,,,,,,,,,,,,,,,,,,,,,,,,,,,,,,,,,,,,,,,,,,,,,,,
2026-05-21,4539.7998046875,4539.7998046875,4503.7998046875,4507.2001953125,426,GC=F,39.11256852421333,,63.52850292650034,0.23082204366220663,4620.7099609375,4594.488753855912,-827,0.0018758414508805998,0.0018740842574405403,0.0055477888918964435,-0.01014831308347064,-0.000724308536144358,-0.004172275122156011,3,5,,,,,,,,,,,,,,,,,,,,,,,,,,,,,,,,,,,,,,,,,,,,,,,,,,,,,,,,,,,,,,,,,,,
2026-05-22,4521.0,4530.2998046875,4519.10009765625,4519.5,40,GC=F,37.410795119286696,,60.46930321969675,0.19853597020025743,4610.644970703125,4583.1827917242335,-867,-0.0041411087484714,-0.0041497068847259145,0.0018758414508805998,0.0055477888918964435,-0.01014831308347064,-0.02614315436089598,4,5,,,,,,,,,,,,,,,,,,,,,,,,,,,,,,,,,,,,,,,,,,,,,,,,,,,,,,,R48,NA,EPG0,Natural Gas,SWO,Underground Storage - Working Gas,NW2_EPG0_SWO_R48_BCF,Weekly Lower 48 States Natural Gas Working Underground Storage (Billion Cubic Feet),2483.0,BCF,0.03847762442492675,,
2026-05-26,4500.39990234375,4572.7998046875,4500.39990234375,4572.7998046875,1261,GC=F,35.583796167179884,,61.321488871414836,0.1681994555890143,4601.894970703125,4570.446962588774,-2128,-0.004556535646151327,-0.004566948297148642,-0.0041411087484714,0.0018758414508805998,0.0055477888918964435,-0.000724308536144358,1,5,,,,,,,,,,,,,,,,,,,,,,,,,,,,,,,,,,,,,,,,,,,,,,,,,,,,,,,,,,,,,,,,,,,
2026-05-27,4447.5,4447.5,4439.7001953125,4439.7001953125,81062,GC=F,31.349834802323713,-47.73680692853941,61.27707588283163,0.05962827771886178,4594.694970703125,4551.532045267424,-83190,-0.011754489265765167,-0.011824119457466382,-0.004556535646151327,-0.0041411087484714,0.0018758414508805998,-0.01014831308347064,2,5,,,,,,,,,,,,,,,,,,,,,,,,,,,,,,,,,,,,,,,,,,,,,,,,,,,,,,,,,,,,,,,,,,,
2026-05-28,4499.2998046875,4512.60009765625,4363.5,4453.60009765625,16427,GC=F,39.003312155022314,-48.36742161827169,67.55014886664723,0.22777303134865032,4592.399951171875,4543.4963159474355,-66763,0.011646948777403132,0.011579645153313877,-0.011754489265765167,-0.004556535646151327,-0.0041411087484714,0.0055477888918964435,3,5,,,,,,,,,,,,,,,,,,,,,,,,,,,,,,,,,,,,,,,,,,,,,,,,,,,,,,,,,,,,,,,,,,,
2026-05-29,4593.0,4627.10009765625,4519.5,4527.60009765625,124293,GC=F,49.88676522961588,-40.83563781329485,71.853730588226,0.5049359440916412,4591.31494140625,4551.112267340138,57530,0.02082550605204836,0.020611619632489354,0.011646948777403132,-0.011754489265765167,-0.004556535646151327,0.0018758414508805998,4,5,,,,,,,,,,,,,,,,,,,,,,,,,,,,,,,,,,,,,,,,,,,,,,,,,,,,,,,,,,,,,,,,,,,
2026-04-21,7100.0,7183.0,7085.0,7150.75,1819102,ES=F,,,0.0,,,,1819102,,,,,,,1,4,7.4,3.3,11.7,47,0.0,0,5.8,,2,3.4,1.2,5.9,49,0.0,7.5,1010.6,7,16.3,5.0,27.0,46,0.0,3.1,1012.4,6,15.3,14.0,16.8,61,1.7,0,5.4,1017.0,7,21.7,13.5,29.7,36,0.0,,8.7,45.0,1004.1,6,5.3,1.4,9.0,61,0.0,1,13.0,,1021.5,5,,,,,,,,,,,,,
2026-04-22,7171.25,7173.0,7121.25,7125.0,1185812,ES=F,,,0.0,,,,3004914,0.010035211267605648,0.009985192886674042,,,,,2,4,10.2,7.8,13.0,90,1.3,0,6.5,,6,6.6,-0.0,11.8,47,0.0,3.7,1006.6,3,16.9,8.0,22.0,57,0.0,2.5,1012.4,7,15.6,13.8,17.9,93,31.4,0,4.7,1007.8,6,15.5,9.3,21.6,55,0.2,,28.7,67.6,1004.3,8,11.0,5.0,17.7,58,0.0,1,7.2,,1013.9,1,,,,,,,,,,,,,
2026-04-23,7143.5,7181.5,7079.25,7163.0,1862446,ES=F,,,0.0,,,,1142468,-0.003869618267387187,-0.0038771246108680792,0.010035211267605648,,,,3,4,16.3,8.9,23.9,55,0.0,0,3.3,1013.6,4,6.1,4.1,9.0,62,3.5,5.6,996.1,7,17.5,8.0,25.0,59,0.0,3.0,1011.2,6,14.5,12.0,17.0,74,8.1,0,5.2,1012.3,7,9.3,5.7,13.1,50,0.0,0,37.6,82.6,1017.1,7,12.6,8.1,16.6,47,0.0,1,9.5,,1016.7,2,,,,,,,,,,,,,
2026-04-24,7194.75,7200.5,7135.5,7143.0,1463962,ES=F,,,0.0,,,,2606430,0.007174354308112196,0.007148741060953792,-0.003869618267387187,0.010035211267605648,,,4,4,14.5,11.1,18.9,56,0.0,0,6.1,1012.4,5,6.2,2.8,9.4,59,0.0,6.2,1000.7,6,18.7,12.0,24.0,72,0.0,1.6,1009.9,8,17.4,11.9,23.4,60,0.0,0,3.6,1016.1,4,6.6,4.1,9.2,49,1.1,3,44.9,91.0,1021.1,8,8.3,4.8,11.9,57,2.0,0,19.1,52.0,1013.8,6,R48,NA,EPG0,Natural Gas,SWO,Underground Storage - Working Gas,NW2_EPG0_SWO_R48_BCF,Weekly Lower 48 States Natural Gas Working Underground Storage (Billion Cubic Feet),2142.0,BCF,,,
2026-04-27,7206.0,7211.25,7171.5,7185.0,1085690,ES=F,,,0.0,,,,3692120,0.0015636401542791223,0.0015624189418718486,0.007174354308112196,-0.003869618267387187,0.010035211267605648,,0,4,11.8,5.5,18.5,68,0.0,,9.7,1024.1,0,5.8,2.9,8.4,71,10.2,9.6,1004.2,6,16.8,9.0,25.0,40,0.0,5.7,1013.2,4,23.1,16.8,29.8,58,0.0,0,3.5,1011.4,6,7.7,0.3,15.2,60,0.0,0,12.9,36.4,1019.5,1,11.1,5.7,16.2,58,0.0,2,15.3,54.0,1022.5,4,,,,,,,,,,,,,
2026-04-28,7171.0,7223.25,7146.25,7204.75,1361467,ES=F,,,0.0,,,,2330653,-0.004857063558145969,-0.004868897425463648,0.0015636401542791223,0.007174354308112196,-0.003869618267387187,,1,4,13.2,10.5,18.7,68,,,7.7,1021.1,6,6.5,3.4,9.2,68,8.9,10.0,1008.5,6,15.2,8.0,21.2,46,0.0,6.9,1020.4,6,16.1,11.7,22.0,74,14.1,0,12.2,1016.2,7,12.2,3.5,20.8,48,0.0,,11.9,45.9,1017.2,4,12.8,10.1,15.8,76,5.3,1,18.8,33.0,1012.3,8,,,,,,,,,,,,,
2026-04-29,7168.0,7190.75,7131.25,7172.5,1368362,ES=F,,,0.0,,,,962291,-0.00041835169432435926,-0.00041843922780847016,-0.004857063558145969,0.0015636401542791223,0.007174354308112196,0.010035211267605648,2,4,12.5,10.5,15.5,63,,,13.4,1014.1,7,1.5,-0.7,3.9,82,1.9,14.4,1015.2,8,16.4,4.0,25.0,44,0.0,3.7,1018.8,4,11.1,9.9,11.9,85,23.9,0,6.4,1020.6,6,13.8,4.1,23.1,45,0.0,,9.8,37.3,1023.3,2,10.0,6.6,13.2,71,1.6,1,11.6,37.0,1010.4,8,,,,,,,,,,,,,
2026-04-30,7243.75,7253.5,7133.75,7150.0,1732392,ES=F,,,0.0,,,,2694683,0.01056780133928581,0.010512352433295534,-0.00041835169432435926,-0.004857063558145969,0.0015636401542791223,-0.003869618267387187,3,4,12.1,10.2,14.9,66,,,20.5,1005.7,7,,,,,,,,,19.5,9.0,28.0,42,0.0,3.4,1011.7,4,15.0,10.4,19.9,60,0.0,0,5.3,1018.4,3,19.0,8.9,27.7,35,0.0,,7.7,35.0,1019.2,2,9.1,6.0,12.9,58,0.0,1,14.0,32.0,1011.0,4,,,,,,,,,,,,,
2026-05-01,7258.0,7300.75,7240.75,7256.0,1263615,ES=F,,,0.0,,,,3958298,0.0019672131147541183,0.001965280684953823,0.01056780133928581,-0.00041835169432435926,-0.004857063558145969,0.007174354308112196,4,5,11.6,8.7,15.2,41,,,27.2,1010.3,4,,,,,,,,,19.3,10.0,25.1,50,0.0,6.8,1009.8,8,18.1,11.9,23.8,57,0.0,0,7.4,1016.1,3,20.5,11.8,28.6,34,0.0,,13.6,59.9,1014.3,5,6.7,2.7,10.1,61,0.0,,9.1,,1013.6,4,R48,NA,EPG0,Natural Gas,SWO,Underground Storage - Working Gas,NW2_EPG0_SWO_R48_BCF,Weekly Lower 48 States Natural Gas Working Underground Storage (Billion Cubic Feet),2205.0,BCF,0.02941176470588225,,
2026-05-04,7230.25,7279.75,7199.5,7276.25,1581015,ES=F,,,0.0,,,,2377283,-0.003823367318820603,-0.0038306950714042517,0.0019672131147541183,0.01056780133928581,-0.00041835169432435926,0.0015636401542791223,0,5,13.1,9.4,16.6,48,,,16.8,1009.0,5,,,,,,,,,16.5,3.0,26.0,47,0.0,3.1,1011.2,4,20.2,14.8,25.6,59,0.0,0,3.0,1016.8,5,15.9,10.7,21.0,40,0.0,,20.9,58.8,1017.5,7,12.7,8.3,16.9,63,0.0,,20.8,,1004.3,4,,,,,,,,,,,,,
2026-05-05,7287.25,7304.25,7223.75,7228.75,1115385,ES=F,,,0.0,,,,3492668,0.007883544829016875,0.007852632051371294,-0.003823367318820603,0.0019672131147541183,0.01056780133928581,-0.004857063558145969,1,5,14.9,11.1,18.9,53,,,15.1,1007.8,6,,,,,,,,,21.5,12.0,30.0,55,0.0,3.2,1004.2,7,22.1,16.2,27.7,54,0.0,0,4.8,1014.8,2,13.4,8.9,18.0,44,0.0,,11.9,36.9,1019.7,4,12.6,8.1,17.3,72,2.0,,15.2,52.0,1004.0,7,,,,,,,,,,,,,
2026-05-06,7389.5,7395.75,7293.5,7300.5,1631260,ES=F,,,0.0,,,7230.316627522083,5123928,0.0140313561357166,0.013933827901644673,0.007883544829016875,-0.003823367318820603,0.0019672131147541183,-0.00041835169432435926,2,5,15.2,12.2,18.4,51,,,17.1,1010.5,6,,,,,,,,,21.0,15.0,24.0,55,0.0,2.8,1006.3,8,22.0,16.7,28.5,56,0.0,0,5.8,1012.9,2,17.5,5.5,29.4,39,0.0,,10.7,44.8,1011.1,3,7.4,4.5,10.5,86,2.9,,9.9,37.0,1010.8,8,,,,,,,,,,,,,
2026-05-07,7363.0,7410.5,7345.5,7380.5,1753384,ES=F,,,0.0,,,7250.729454057147,3370544,-0.0035861695649231917,-0.0035926152859104923,0.0140313561357166,0.007883544829016875,-0.003823367318820603,0.01056780133928581,3,5,,,,,,,,,,,,,,,,,,,,,,,,,,,,,,,,,,,,,,,,,,,,,,,,,,,,,,,,,,,,,,,,,,,
2026-05-08,7419.0,7427.75,7336.25,7340.0,1312034,ES=F,79.64148504726516,,80.0,,,7276.617230356048,4682578,0.007605595545294053,0.007576818820809072,-0.0035861695649231917,0.0140313561357166,0.007883544829016875,0.0019672131147541183,4,5,,,,,,,,,,,,,,,,,,,,,,,,,,,,,,,,,,,,,,,,,,,,,,,,,,,,,,,R48,NA,EPG0,Natural Gas,SWO,Underground Storage - Working Gas,NW2_EPG0_SWO_R48_BCF,Weekly Lower 48 States Natural Gas Working Underground Storage (Billion Cubic Feet),2290.0,BCF,0.038548752834467015,,
2026-05-11,7436.75,7454.75,7390.5,7403.5,1233354,ES=F,80.60132079833227,,78.875,,,7301.253041070502,5915932,0.0023925057285347773,0.0023896482434962547,0.007605595545294053,-0.0035861695649231917,0.0140313561357166,-0.003823367318820603,0,5,,,,,,,,,,,,,,,,,,,,,,,,,,,,,,,,,,,,,,,,,,,,,,,,,,,,,,,,,,,,,,,,,,,
2026-05-12,7426.5,7443.75,7363.25,7435.5,1625151,ES=F,78.30542142579372,,78.99107142857143,,,7320.521803982733,4290781,-0.0013782902477560421,-0.0013792409634347479,0.0023925057285347773,0.007605595545294053,-0.0035861695649231917,0.007883544829016875,1,5,,,,,,,,,,,,,,,,,,,,,,,,,,,,,,,,,,,,,,,,,,,,,,,,,,,,,,,,,,,,,,,,,,,
2026-05-13,7469.5,7483.75,7399.0,7419.25,1301334,ES=F,80.7789507120268,,79.40242346938776,,,7343.441526446928,5592115,0.005790076078906692,0.005773378012784623,-0.0013782902477560421,0.0023925057285347773,0.007605595545294053,0.0140313561357166,2,5,,,,,,,,,,,,,,,,,,,,,,,,,,,,,,,,,,,,,,,,,,,,,,,,,,,,,,,,,,,,,,,,,,,
2026-05-14,7525.5,7540.0,7471.0,7477.5,1371818,ES=F,83.42881514125745,,78.7665360787172,,,7371.450522378171,6963933,0.007497155097396124,0.007469191110045418,0.005790076078906692,-0.0013782902477560421,0.0023925057285347773,-0.0035861695649231917,3,5,,,,,,,,,,,,,,,,,,,,,,,,,,,,,,,,,,,,,,,,,,,,,,,,,,,,,,,,,,,,,,,,,,,
2026-05-15,7432.25,7528.25,7409.25,7522.25,1923350,ES=F,66.89156130041434,,81.64035493023741,,,7380.804288166145,5040583,-0.012391203242309468,-0.012468614343723495,0.007497155097396124,0.005790076078906692,-0.0013782902477560421,0.007605595545294053,4,5,,,,,,,,,,,,,,,,,,,,,,,,,,,,,,,,,,,,,,,,,,,,,,,,,,,,,,,R48,NA,EPG0,Natural Gas,SWO,Underground Storage - Working Gas,NW2_EPG0_SWO_R48_BCF,Weekly Lower 48 States Natural Gas Working Underground Storage (Billion Cubic Feet),2391.0,BCF,0.044104803493449696,,
2026-05-18,7425.75,7454.25,7373.5,7410.0,1983487,ES=F,65.9108227440407,,81.57675814950616,0.7430125209494545,7303.075,7387.719013063661,3057096,-0.0008745669211880358,-0.0008749495779600917,-0.012391203242309468,0.007497155097396124,0.005790076078906692,0.0023925057285347773,0,5,,,,,,,,,,,,,,,,,,,,,,,,,,,,,,,,,,,,,,,,,,,,,,,,,,,,,,,,,,,,,,,,,,,
2026-05-19,7378.0,7440.75,7354.25,7423.5,1804940,ES=F,59.06032042075743,,81.9284182816843,0.6291579690361732,7316.975,7386.223780284636,1252156,-0.006430326903006378,-0.006451090514112733,-0.0008745669211880358,-0.012391203242309468,0.007497155097396124,-0.0013782902477560421,1,5,,,,,,,,,,,,,,,,,,,,,,,,,,,,,,,,,,,,,,,,,,,,,,,,,,,,,,,,,,,,,,,,,,,
2026-05-20,7451.75,7458.0,7356.0,7377.0,1585626,ES=F,65.09467354851523,,83.36210269013543,0.7588341479823346,7331.0,7396.304737163922,2837782,0.009995933857414041,0.009946304961315718,-0.006430326903006378,-0.0008745669211880358,-0.012391203242309468,0.005790076078906692,2,5,,,,,,,,,,,,,,,,,,,,,,,,,,,,,,,,,,,,,,,,,,,,,,,,,,,,,,,,,,,,,,,,,,,
2026-05-21,7466.0,7486.75,7407.5,7432.75,1738205,ES=F,66.13338656907754,,83.06838106941147,0.765858478607051,7347.125,7407.02708529255,4575987,0.001912302479283312,0.0019104763565925224,0.009995933857414041,-0.006430326903006378,-0.0008745669211880358,0.007497155097396124,3,5,,,,,,,,,,,,,,,,,,,,,,,,,,,,,,,,,,,,,,,,,,,,,,,,,,,,,,,,,,,,,,,,,,,
2026-05-22,7491.0,7524.0,7466.75,7467.0,1242275,ES=F,67.93611316633266,,81.27778242159637,0.7927152618981659,7361.9375,7419.945995247543,5818262,0.00334851326011254,0.0033429194733537895,0.001912302479283312,0.009995933857414041,-0.006430326903006378,-0.012391203242309468,4,5,,,,,,,,,,,,,,,,,,,,,,,,,,,,,,,,,,,,,,,,,,,,,,,,,,,,,,,R48,NA,EPG0,Natural Gas,SWO,Underground Storage - Working Gas,NW2_EPG0_SWO_R48_BCF,Weekly Lower 48 States Natural Gas Working Underground Storage (Billion Cubic Feet),2483.0,BCF,0.03847762442492675,,
2026-05-26,7537.0,7569.75,7517.0,7519.0,1422109,ES=F,70.99544642181473,,81.09722653433948,0.8588793902689613,7378.4875,7437.954303670998,7240371,0.006140702175944535,0.006121924895587047,0.00334851326011254,0.001912302479283312,0.009995933857414041,-0.0008745669211880358,1,5,,,,,,,,,,,,,,,,,,,,,,,,,,,,,,,,,,,,,,,,,,,,,,,,,,,,,,,,,,,,,,,,,,,
2026-05-27,7540.0,7570.75,7515.0,7533.0,1291159,ES=F,71.18852064010615,85.98999224061117,79.28671035331523,0.8409445557563193,7396.9375,7453.653641567767,8531530,0.0003980363539870524,0.0003979571585319213,0.006140702175944535,0.00334851326011254,0.001912302479283312,-0.006430326903006378,2,5,,,,,,,,,,,,,,,,,,,,,,,,,,,,,,,,,,,,,,,,,,,,,,,,,,,,,,,,,,,,,,,,,,,
2026-05-28,7581.75,7590.75,7505.75,7553.75,1280521,ES=F,73.80214813561464,89.83887610912006,79.69480247093557,0.9173945266833005,7417.625,7473.360773634265,9812051,0.005537135278514516,0.005521861700274837,0.0003980363539870524,0.006140702175944535,0.00334851326011254,0.009995933857414041,3,5,,,,,,,,,,,,,,,,,,,,,,,,,,,,,,,,,,,,,,,,,,,,,,,,,,,,,,,,,,,,,,,,,,,
2026-05-29,7595.75,7611.5,7572.75,7587.5,1461462,ES=F,74.63314798788775,92.9473876743723,76.7701737230116,0.9132945435659588,7435.225,7492.189885382839,11273513,0.0018465393873445812,0.0018448366293076955,0.005537135278514516,0.0003980363539870524,0.006140702175944535,0.001912302479283312,4,5,,,,,,,,,,,,,,,,,,,,,,,,,,,,,,,,,,,,,,,,,,,,,,,,,,,,,,,,,,,,,,,,,,,
2026-04-21,85.56999969482422,85.63999938964844,75.80000305175781,76.5,0,^OVX,,,0.0,,,,0,,,,,,,1,4,7.4,3.3,11.7,47,0.0,0,5.8,,2,3.4,1.2,5.9,49,0.0,7.5,1010.6,7,16.3,5.0,27.0,46,0.0,3.1,1012.4,6,15.3,14.0,16.8,61,1.7,0,5.4,1017.0,7,21.7,13.5,29.7,36,0.0,,8.7,45.0,1004.1,6,5.3,1.4,9.0,61,0.0,1,13.0,,1021.5,5,,,,,,,,,,,,,
2026-04-22,76.7699966430664,83.80999755859375,76.73999786376953,80.20999908447266,0,^OVX,,,0.0,,,,0,-0.10283981632747496,-0.10852085575092348,,,,,2,4,10.2,7.8,13.0,90,1.3,0,6.5,,6,6.6,-0.0,11.8,47,0.0,3.7,1006.6,3,16.9,8.0,22.0,57,0.0,2.5,1012.4,7,15.6,13.8,17.9,93,31.4,0,4.7,1007.8,6,15.5,9.3,21.6,55,0.2,,28.7,67.6,1004.3,8,11.0,5.0,17.7,58,0.0,1,7.2,,1013.9,1,,,,,,,,,,,,,
2026-04-23,78.66999816894531,81.48999786376953,74.81999969482422,77.05999755859375,0,^OVX,,,0.0,,,,0,0.024749271967703157,0.0244479699533658,-0.10283981632747496,,,,3,4,16.3,8.9,23.9,55,0.0,0,3.3,1013.6,4,6.1,4.1,9.0,62,3.5,5.6,996.1,7,17.5,8.0,25.0,59,0.0,3.0,1011.2,6,14.5,12.0,17.0,74,8.1,0,5.2,1012.3,7,9.3,5.7,13.1,50,0.0,0,37.6,82.6,1017.1,7,12.6,8.1,16.6,47,0.0,1,9.5,,1016.7,2,,,,,,,,,,,,,
2026-04-24,75.83000183105469,78.08000183105469,74.05999755859375,78.08000183105469,0,^OVX,,,0.0,,,,0,-0.036100119537205044,-0.036767848206336856,0.024749271967703157,-0.10283981632747496,,,4,4,14.5,11.1,18.9,56,0.0,0,6.1,1012.4,5,6.2,2.8,9.4,59,0.0,6.2,1000.7,6,18.7,12.0,24.0,72,0.0,1.6,1009.9,8,17.4,11.9,23.4,60,0.0,0,3.6,1016.1,4,6.6,4.1,9.2,49,1.1,3,44.9,91.0,1021.1,8,8.3,4.8,11.9,57,2.0,0,19.1,52.0,1013.8,6,R48,NA,EPG0,Natural Gas,SWO,Underground Storage - Working Gas,NW2_EPG0_SWO_R48_BCF,Weekly Lower 48 States Natural Gas Working Underground Storage (Billion Cubic Feet),2142.0,BCF,,,
2026-04-27,73.11000061035156,76.95999908447266,73.11000061035156,76.16000366210938,0,^OVX,,,0.0,,,,0,-0.035869723790369235,-0.036528852206056325,-0.036100119537205044,0.024749271967703157,-0.10283981632747496,,0,4,11.8,5.5,18.5,68,0.0,,9.7,1024.1,0,5.8,2.9,8.4,71,10.2,9.6,1004.2,6,16.8,9.0,25.0,40,0.0,5.7,1013.2,4,23.1,16.8,29.8,58,0.0,0,3.5,1011.4,6,7.7,0.3,15.2,60,0.0,0,12.9,36.4,1019.5,1,11.1,5.7,16.2,58,0.0,2,15.3,54.0,1022.5,4,,,,,,,,,,,,,
2026-04-28,70.5,74.44000244140625,70.44999694824219,74.43000030517578,0,^OVX,,,0.0,,,,0,-0.03569963874384119,-0.03635245483540203,-0.035869723790369235,-0.036100119537205044,0.024749271967703157,,1,4,13.2,10.5,18.7,68,,,7.7,1021.1,6,6.5,3.4,9.2,68,8.9,10.0,1008.5,6,15.2,8.0,21.2,46,0.0,6.9,1020.4,6,16.1,11.7,22.0,74,14.1,0,12.2,1016.2,7,12.2,3.5,20.8,48,0.0,,11.9,45.9,1017.2,4,12.8,10.1,15.8,76,5.3,1,18.8,33.0,1012.3,8,,,,,,,,,,,,,
2026-04-29,75.95999908447266,75.95999908447266,71.80000305175781,72.16999816894531,0,^OVX,,,0.0,,,,0,0.0774467955244349,0.07459416407310616,-0.03569963874384119,-0.035869723790369235,-0.036100119537205044,-0.10283981632747496,2,4,12.5,10.5,15.5,63,,,13.4,1014.1,7,1.5,-0.7,3.9,82,1.9,14.4,1015.2,8,16.4,4.0,25.0,44,0.0,3.7,1018.8,4,11.1,9.9,11.9,85,23.9,0,6.4,1020.6,6,13.8,4.1,23.1,45,0.0,,9.8,37.3,1023.3,2,10.0,6.6,13.2,71,1.6,1,11.6,37.0,1010.4,8,,,,,,,,,,,,,
2026-04-30,75.08000183105469,75.66000366210938,74.44999694824219,75.45999908447266,0,^OVX,,,0.0,,,,0,-0.011585008741763603,-0.011652637784972759,0.0774467955244349,-0.03569963874384119,-0.035869723790369235,0.024749271967703157,3,4,12.1,10.2,14.9,66,,,20.5,1005.7,7,,,,,,,,,19.5,9.0,28.0,42,0.0,3.4,1011.7,4,15.0,10.4,19.9,60,0.0,0,5.3,1018.4,3,19.0,8.9,27.7,35,0.0,,7.7,35.0,1019.2,2,9.1,6.0,12.9,58,0.0,1,14.0,32.0,1011.0,4,,,,,,,,,,,,,
2026-05-01,75.4000015258789,75.77999877929688,72.22000122070312,73.30999755859375,0,^OVX,,,0.0,,,,0,0.004262116236281921,0.004253059144674547,-0.011585008741763603,0.0774467955244349,-0.03569963874384119,-0.036100119537205044,4,5,11.6,8.7,15.2,41,,,27.2,1010.3,4,,,,,,,,,19.3,10.0,25.1,50,0.0,6.8,1009.8,8,18.1,11.9,23.8,57,0.0,0,7.4,1016.1,3,20.5,11.8,28.6,34,0.0,,13.6,59.9,1014.3,5,6.7,2.7,10.1,61,0.0,,9.1,,1013.6,4,R48,NA,EPG0,Natural Gas,SWO,Underground Storage - Working Gas,NW2_EPG0_SWO_R48_BCF,Weekly Lower 48 States Natural Gas Working Underground Storage (Billion Cubic Feet),2205.0,BCF,0.02941176470588225,,
2026-05-04,78.62999725341797,80.87999725341797,76.62999725341797,77.68000030517578,0,^OVX,,,0.0,,,,0,0.042838138755613375,0.041945975821933566,0.004262116236281921,-0.011585008741763603,0.0774467955244349,-0.035869723790369235,0,5,13.1,9.4,16.6,48,,,16.8,1009.0,5,,,,,,,,,16.5,3.0,26.0,47,0.0,3.1,1011.2,4,20.2,14.8,25.6,59,0.0,0,3.0,1016.8,5,15.9,10.7,21.0,40,0.0,,20.9,58.8,1017.5,7,12.7,8.3,16.9,63,0.0,,20.8,,1004.3,4,,,,,,,,,,,,,
2026-05-05,74.7300033569336,76.16999816894531,74.30999755859375,75.91999816894531,0,^OVX,,,0.0,,,,0,-0.04959931365525827,-0.050871608209937226,0.042838138755613375,0.004262116236281921,-0.011585008741763603,-0.03569963874384119,1,5,14.9,11.1,18.9,53,,,15.1,1007.8,6,,,,,,,,,21.5,12.0,30.0,55,0.0,3.2,1004.2,7,22.1,16.2,27.7,54,0.0,0,4.8,1014.8,2,13.4,8.9,18.0,44,0.0,,11.9,36.9,1019.7,4,12.6,8.1,17.3,72,2.0,,15.2,52.0,1004.0,7,,,,,,,,,,,,,
2026-05-06,72.33999633789062,73.87000274658203,72.13999938964844,73.87000274658203,0,^OVX,,,0.0,,,76.61179917832042,0,-0.0319818936395273,-0.03250448696265114,-0.04959931365525827,0.042838138755613375,0.004262116236281921,0.0774467955244349,2,5,15.2,12.2,18.4,51,,,17.1,1010.5,6,,,,,,,,,21.0,15.0,24.0,55,0.0,2.8,1006.3,8,22.0,16.7,28.5,56,0.0,0,5.8,1012.9,2,17.5,5.5,29.4,39,0.0,,10.7,44.8,1011.1,3,7.4,4.5,10.5,86,2.9,,9.9,37.0,1010.8,8,,,,,,,,,,,,,
2026-05-07,72.25,74.41000366210938,68.86000061035156,71.19000244140625,0,^OVX,,,0.0,,,75.94075315088651,0,-0.001244074404845974,-0.001244848907834573,-0.0319818936395273,-0.04959931365525827,0.042838138755613375,-0.011585008741763603,3,5,,,,,,,,,,,,,,,,,,,,,,,,,,,,,,,,,,,,,,,,,,,,,,,,,,,,,,,,,,,,,,,,,,,
2026-05-08,72.1500015258789,72.43000030517578,70.58999633789062,70.63999938964844,0,^OVX,32.82318546231359,,4.864286150251116,,,75.35756059319303,0,-0.0013840619255515163,-0.0013850206239591433,-0.001244074404845974,-0.0319818936395273,-0.04959931365525827,0.004262116236281921,4,5,,,,,,,,,,,,,,,,,,,,,,,,,,,,,,,,,,,,,,,,,,,,,,,,,,,,,,,R48,NA,EPG0,Natural Gas,SWO,Underground Storage - Working Gas,NW2_EPG0_SWO_R48_BCF,Weekly Lower 48 States Natural Gas Working Underground Storage (Billion Cubic Feet),2290.0,BCF,0.038548752834467015,,
2026-05-11,75.66000366210938,76.16000366210938,73.12999725341797,75.22000122070312,0,^OVX,43.30185836495518,,4.803265863535357,,,75.40409029610323,0,0.04864867722797617,0.04750236123848537,-0.0013840619255515163,-0.001244074404845974,-0.0319818936395273,0.042838138755613375,0,5,,,,,,,,,,,,,,,,,,,,,,,,,,,,,,,,,,,,,,,,,,,,,,,,,,,,,,,,,,,,,,,,,,,
2026-05-12,75.69000244140625,75.8499984741211,73.5999984741211,75.44999694824219,0,^OVX,43.38314394560369,,4.620889730425688,,,75.448076779996,0,0.0003964945525358754,0.00039641596934196613,0.04864867722797617,-0.0013840619255515163,-0.001244074404845974,-0.04959931365525827,1,5,,,,,,,,,,,,,,,,,,,,,,,,,,,,,,,,,,,,,,,,,,,,,,,,,,,,,,,,,,,,,,,,,,,
2026-05-13,70.94000244140625,74.06999969482422,70.3499984741211,72.80999755859375,0,^OVX,34.860836429044326,,4.672255033058507,,,74.75452688175143,0,-0.06275597630845775,-0.06481159981584793,0.0003964945525358754,0.04864867722797617,-0.0013840619255515163,-0.0319818936395273,2,5,,,,,,,,,,,,,,,,,,,,,,,,,,,,,,,,,,,,,,,,,,,,,,,,,,,,,,,,,,,,,,,,,,,
2026-05-14,68.91999816894531,71.05000305175781,68.62000274658203,70.7699966430664,0,^OVX,31.983409524879747,,4.512093981066884,,,73.85690707978125,0,-0.02847482665551615,-0.028888098668661058,-0.06275597630845775,0.0003964945525358754,0.04864867722797617,-0.001244074404845974,3,5,,,,,,,,,,,,,,,,,,,,,,,,,,,,,,,,,,,,,,,,,,,,,,,,,,,,,,,,,,,,,,,,,,,
2026-05-15,72.3499984741211,72.81999969482422,71.12999725341797,72.81999969482422,0,^OVX,40.90324216999802,,4.4683730914106,,,73.62507498660277,0,0.04976785252906901,0.048569046895351214,-0.02847482665551615,-0.06275597630845775,0.0003964945525358754,-0.0013840619255515163,4,5,,,,,,,,,,,,,,,,,,,,,,,,,,,,,,,,,,,,,,,,,,,,,,,,,,,,,,,R48,NA,EPG0,Natural Gas,SWO,Underground Storage - Working Gas,NW2_EPG0_SWO_R48_BCF,Weekly Lower 48 States Natural Gas Working Underground Storage (Billion Cubic Feet),2391.0,BCF,0.044104803493449696,,
2026-05-18,72.06999969482422,73.16999816894531,70.05000305175781,71.31999969482422,0,^OVX,40.43704681531763,,4.372060378966093,0.3214563500060025,74.6310001373291,73.38583263402145,0,-0.0038700592287783664,-0.0038775672853380754,0.04976785252906901,-0.02847482665551615,-0.06275597630845775,0.04864867722797617,0,5,,,,,,,,,,,,,,,,,,,,,,,,,,,,,,,,,,,,,,,,,,,,,,,,,,,,,,,,,,,,,,,,,,,
2026-05-19,72.88999938964844,73.0,71.33999633789062,72.76000213623047,0,^OVX,42.5038136503506,,4.178342042047755,0.3924835385440094,73.99700012207032,73.30955059642561,0,0.01137782292627243,0.01131358231860952,-0.0038700592287783664,0.04976785252906901,-0.02847482665551615,0.0003964945525358754,1,5,,,,,,,,,,,,,,,,,,,,,,,,,,,,,,,,,,,,,,,,,,,,,,,,,,,,,,,,,,,,,,,,,,,
2026-05-20,72.7699966430664,73.62999725341797,70.0199966430664,72.27999877929688,0,^OVX,42.27264080433412,,4.137746225498027,0.3975159684749036,73.79700012207032,73.22654229590881,0,-0.0016463540621056705,-0.0016477107922645278,0.01137782292627243,-0.0038700592287783664,0.04976785252906901,-0.06275597630845775,2,5,,,,,,,,,,,,,,,,,,,,,,,,,,,,,,,,,,,,,,,,,,,,,,,,,,,,,,,,,,,,,,,,,,,
2026-05-21,73.54000091552734,75.68000030517578,70.94999694824219,75.33000183105469,0,^OVX,44.363641836999484,,4.180050306314853,0.4999443196641591,73.54050025939941,73.27476669892705,0,0.01058134269591604,0.010525752094246233,-0.0016463540621056705,0.01137782292627243,-0.0038700592287783664,-0.02847482665551615,3,5,,,,,,,,,,,,,,,,,,,,,,,,,,,,,,,,,,,,,,,,,,,,,,,,,,,,,,,,,,,,,,,,,,,
2026-05-22,75.97000122070312,77.61000061035156,73.7300033569336,75.0199966430664,0,^OVX,50.46194967258815,,4.172189548351236,0.7692438880043405,73.54750022888183,73.68941816381567,0,0.033043245511609864,0.032509053260851045,0.01058134269591604,-0.0016463540621056705,0.01137782292627243,0.04976785252906901,4,5,,,,,,,,,,,,,,,,,,,,,,,,,,,,,,,,,,,,,,,,,,,,,,,,,,,,,,,R48,NA,EPG0,Natural Gas,SWO,Underground Storage - Working Gas,NW2_EPG0_SWO_R48_BCF,Weekly Lower 48 States Natural Gas Working Underground Storage (Billion Cubic Feet),2483.0,BCF,0.03847762442492675,,
2026-05-26,65.05999755859375,70.87000274658203,65.02999877929688,70.87000274658203,0,^OVX,32.98224438841051,,4.655604754998023,-0.19369513636064153,73.14500007629394,72.36181499378154,0,-0.1436093653653412,-0.15502865806360858,0.033043245511609864,0.01058134269591604,-0.0016463540621056705,-0.0038700592287783664,1,5,,,,,,,,,,,,,,,,,,,,,,,,,,,,,,,,,,,,,,,,,,,,,,,,,,,,,,,,,,,,,,,,,,,
2026-05-27,59.970001220703125,63.0,59.779998779296875,62.9900016784668,0,^OVX,28.092964425187688,-3.291754805617103,4.7002043281622266,-0.27747393358790967,72.61850013732911,70.45538210561563,0,-0.07823542159383756,-0.08146542598409953,-0.1436093653653412,0.033043245511609864,0.01058134269591604,0.01137782292627243,2,5,,,,,,,,,,,,,,,,,,,,,,,,,,,,,,,,,,,,,,,,,,,,,,,,,,,,,,,,,,,,,,,,,,,
2026-05-28,58.29999923706055,62.22999954223633,58.16999816894531,60.86000061035156,0,^OVX,26.69474699972926,-4.017581288162688,4.654475545671425,-0.1657448892522063,71.7355001449585,68.585323202761,0,-0.02784728947222448,-0.02824237726564124,-0.07823542159383756,-0.1436093653653412,0.033043245511609864,-0.0016463540621056705,3,5,,,,,,,,,,,,,,,,,,,,,,,,,,,,,,,,,,,,,,,,,,,,,,,,,,,,,,,,,,,,,,,,,,,
2026-05-29,57.84000015258789,60.41999816894531,56.2400016784668,57.720001220703125,0,^OVX,26.306361868977945,-4.577159441759889,4.620584184586217,-0.06040069906272926,70.87350006103516,66.93219657965744,0,-0.007890207384089298,-0.007921499781394108,-0.02784728947222448,-0.07823542159383756,-0.1436093653653412,0.01058134269591604,4,5,,,,,,,,,,,,,,,,,,,,,,,,,,,,,,,,,,,,,,,,,,,,,,,,,,,,,,,,,,,,,,,,,,,
2026-04-21,19.5,20.850000381469727,18.75,19.18000030517578,0,^VIX,,,0.0,,,,0,,,,,,,1,4,7.4,3.3,11.7,47,0.0,0,5.8,,2,3.4,1.2,5.9,49,0.0,7.5,1010.6,7,16.3,5.0,27.0,46,0.0,3.1,1012.4,6,15.3,14.0,16.8,61,1.7,0,5.4,1017.0,7,21.7,13.5,29.7,36,0.0,,8.7,45.0,1004.1,6,5.3,1.4,9.0,61,0.0,1,13.0,,1021.5,5,,,,,,,,,,,,,
2026-04-22,18.920000076293945,19.540000915527344,18.68000030517578,19.030000686645508,0,^VIX,,,0.0,,,,0,-0.029743585831079722,-0.030194897913519363,,,,,2,4,10.2,7.8,13.0,90,1.3,0,6.5,,6,6.6,-0.0,11.8,47,0.0,3.7,1006.6,3,16.9,8.0,22.0,57,0.0,2.5,1012.4,7,15.6,13.8,17.9,93,31.4,0,4.7,1007.8,6,15.5,9.3,21.6,55,0.2,,28.7,67.6,1004.3,8,11.0,5.0,17.7,58,0.0,1,7.2,,1013.9,1,,,,,,,,,,,,,
2026-04-23,19.309999465942383,21.559999465942383,18.700000762939453,19.420000076293945,0,^VIX,,,0.0,,,,0,0.02061307547969271,0.020403501127191963,-0.029743585831079722,,,,3,4,16.3,8.9,23.9,55,0.0,0,3.3,1013.6,4,6.1,4.1,9.0,62,3.5,5.6,996.1,7,17.5,8.0,25.0,59,0.0,3.0,1011.2,6,14.5,12.0,17.0,74,8.1,0,5.2,1012.3,7,9.3,5.7,13.1,50,0.0,0,37.6,82.6,1017.1,7,12.6,8.1,16.6,47,0.0,1,9.5,,1016.7,2,,,,,,,,,,,,,
2026-04-24,18.709999084472656,19.350000381469727,18.459999084472656,18.889999389648438,0,^VIX,,,0.0,,,,0,-0.03107200404267052,-0.03156497742989099,0.02061307547969271,-0.029743585831079722,,,4,4,14.5,11.1,18.9,56,0.0,0,6.1,1012.4,5,6.2,2.8,9.4,59,0.0,6.2,1000.7,6,18.7,12.0,24.0,72,0.0,1.6,1009.9,8,17.4,11.9,23.4,60,0.0,0,3.6,1016.1,4,6.6,4.1,9.2,49,1.1,3,44.9,91.0,1021.1,8,8.3,4.8,11.9,57,2.0,0,19.1,52.0,1013.8,6,R48,NA,EPG0,Natural Gas,SWO,Underground Storage - Working Gas,NW2_EPG0_SWO_R48_BCF,Weekly Lower 48 States Natural Gas Working Underground Storage (Billion Cubic Feet),2142.0,BCF,,,
2026-04-27,18.020000457763672,19.270000457763672,18.020000457763672,19.209999084472656,0,^VIX,,,0.0,,,,0,-0.03687860291140321,-0.03757581377020173,-0.03107200404267052,0.02061307547969271,-0.029743585831079722,,0,4,11.8,5.5,18.5,68,0.0,,9.7,1024.1,0,5.8,2.9,8.4,71,10.2,9.6,1004.2,6,16.8,9.0,25.0,40,0.0,5.7,1013.2,4,23.1,16.8,29.8,58,0.0,0,3.5,1011.4,6,7.7,0.3,15.2,60,0.0,0,12.9,36.4,1019.5,1,11.1,5.7,16.2,58,0.0,2,15.3,54.0,1022.5,4,,,,,,,,,,,,,
2026-04-28,17.829999923706055,19.43000030517578,17.780000686645508,18.299999237060547,0,^VIX,,,0.0,,,,0,-0.010543869546671303,-0.010599849987196923,-0.03687860291140321,-0.03107200404267052,0.02061307547969271,,1,4,13.2,10.5,18.7,68,,,7.7,1021.1,6,6.5,3.4,9.2,68,8.9,10.0,1008.5,6,15.2,8.0,21.2,46,0.0,6.9,1020.4,6,16.1,11.7,22.0,74,14.1,0,12.2,1016.2,7,12.2,3.5,20.8,48,0.0,,11.9,45.9,1017.2,4,12.8,10.1,15.8,76,5.3,1,18.8,33.0,1012.3,8,,,,,,,,,,,,,
2026-04-29,18.809999465942383,19.0,17.809999465942383,17.829999923706055,0,^VIX,,,0.0,,,,0,0.054963519149170637,0.05350618732463676,-0.010543869546671303,-0.03687860291140321,-0.03107200404267052,-0.029743585831079722,2,4,12.5,10.5,15.5,63,,,13.4,1014.1,7,1.5,-0.7,3.9,82,1.9,14.4,1015.2,8,16.4,4.0,25.0,44,0.0,3.7,1018.8,4,11.1,9.9,11.9,85,23.9,0,6.4,1020.6,6,13.8,4.1,23.1,45,0.0,,9.8,37.3,1023.3,2,10.0,6.6,13.2,71,1.6,1,11.6,37.0,1010.4,8,,,,,,,,,,,,,
2026-04-30,16.889999389648438,18.729999542236328,16.8700008392334,18.68000030517578,0,^VIX,,,0.0,,,,0,-0.10207337218538048,-0.10766692023787255,0.054963519149170637,-0.010543869546671303,-0.03687860291140321,0.02061307547969271,3,4,12.1,10.2,14.9,66,,,20.5,1005.7,7,,,,,,,,,19.5,9.0,28.0,42,0.0,3.4,1011.7,4,15.0,10.4,19.9,60,0.0,0,5.3,1018.4,3,19.0,8.9,27.7,35,0.0,,7.7,35.0,1019.2,2,9.1,6.0,12.9,58,0.0,1,14.0,32.0,1011.0,4,,,,,,,,,,,,,
2026-05-01,16.989999771118164,17.389999389648438,16.440000534057617,17.010000228881836,0,^VIX,,,0.0,,,,0,0.00592068591376127,0.005903227529430566,-0.10207337218538048,0.054963519149170637,-0.010543869546671303,-0.03107200404267052,4,5,11.6,8.7,15.2,41,,,27.2,1010.3,4,,,,,,,,,19.3,10.0,25.1,50,0.0,6.8,1009.8,8,18.1,11.9,23.8,57,0.0,0,7.4,1016.1,3,20.5,11.8,28.6,34,0.0,,13.6,59.9,1014.3,5,6.7,2.7,10.1,61,0.0,,9.1,,1013.6,4,R48,NA,EPG0,Natural Gas,SWO,Underground Storage - Working Gas,NW2_EPG0_SWO_R48_BCF,Weekly Lower 48 States Natural Gas Working Underground Storage (Billion Cubic Feet),2205.0,BCF,0.02941176470588225,,
2026-05-04,18.290000915527344,19.079999923706055,17.149999618530273,17.3799991607666,0,^VIX,,,0.0,,,,0,0.07651566579883617,0.0737295902466641,0.00592068591376127,-0.10207337218538048,0.054963519149170637,-0.03687860291140321,0,5,13.1,9.4,16.6,48,,,16.8,1009.0,5,,,,,,,,,16.5,3.0,26.0,47,0.0,3.1,1011.2,4,20.2,14.8,25.6,59,0.0,0,3.0,1016.8,5,15.9,10.7,21.0,40,0.0,,20.9,58.8,1017.5,7,12.7,8.3,16.9,63,0.0,,20.8,,1004.3,4,,,,,,,,,,,,,
2026-05-05,17.3799991607666,18.020000457763672,17.200000762939453,17.950000762939453,0,^VIX,,,0.0,,,,0,-0.04975405736520189,-0.051034440909005135,0.07651566579883617,0.00592068591376127,-0.10207337218538048,-0.010543869546671303,1,5,14.9,11.1,18.9,53,,,15.1,1007.8,6,,,,,,,,,21.5,12.0,30.0,55,0.0,3.2,1004.2,7,22.1,16.2,27.7,54,0.0,0,4.8,1014.8,2,13.4,8.9,18.0,44,0.0,,11.9,36.9,1019.7,4,12.6,8.1,17.3,72,2.0,,15.2,52.0,1004.0,7,,,,,,,,,,,,,
2026-05-06,17.389999389648438,17.459999084472656,16.18000030517578,17.149999618530273,0,^VIX,,,0.0,,,18.060066397444814,0,0.0005753871901450491,0.0005752217184062609,-0.04975405736520189,0.07651566579883617,0.00592068591376127,0.054963519149170637,2,5,15.2,12.2,18.4,51,,,17.1,1010.5,6,,,,,,,,,21.0,15.0,24.0,55,0.0,2.8,1006.3,8,22.0,16.7,28.5,56,0.0,0,5.8,1012.9,2,17.5,5.5,29.4,39,0.0,,10.7,44.8,1011.1,3,7.4,4.5,10.5,86,2.9,,9.9,37.0,1010.8,8,,,,,,,,,,,,,
2026-05-07,17.079999923706055,17.600000381469727,16.850000381469727,17.530000686645508,0,^VIX,,,0.0,,,17.909286939946544,0,-0.01782630689032183,-0.017987109374778668,0.0005753871901450491,-0.04975405736520189,0.07651566579883617,-0.10207337218538048,3,5,,,,,,,,,,,,,,,,,,,,,,,,,,,,,,,,,,,,,,,,,,,,,,,,,,,,,,,,,,,,,,,,,,,
2026-05-08,17.190000534057617,17.530000686645508,16.81999969482422,17.3700008392334,0,^VIX,37.15556763841021,,1.4007141930716378,,,17.79862749288671,0,0.006440316794081857,0.006419666569116356,-0.01782630689032183,0.0005753871901450491,-0.04975405736520189,0.00592068591376127,4,5,,,,,,,,,,,,,,,,,,,,,,,,,,,,,,,,,,,,,,,,,,,,,,,,,,,,,,,R48,NA,EPG0,Natural Gas,SWO,Underground Storage - Working Gas,NW2_EPG0_SWO_R48_BCF,Weekly Lower 48 States Natural Gas Working Underground Storage (Billion Cubic Feet),2290.0,BCF,0.038548752834467015,,
2026-05-11,18.3799991607666,18.469999313354492,17.899999618530273,18.209999084472656,0,^VIX,49.695647064825856,,1.3920916635162974,,,17.888069287945154,0,0.0692262123175218,0.06693522080471703,0.006440316794081857,-0.01782630689032183,0.0005753871901450491,0.07651566579883617,0,5,,,,,,,,,,,,,,,,,,,,,,,,,,,,,,,,,,,,,,,,,,,,,,,,,,,,,,,,,,,,,,,,,,,
2026-05-12,17.989999771118164,19.100000381469727,17.920000076293945,18.770000457763672,0,^VIX,46.42602798688952,,1.376942280777689,,,17.903750900741002,0,-0.021218683757119994,-0.02144703602768265,0.0692262123175218,0.006440316794081857,-0.01782630689032183,-0.04975405736520189,1,5,,,,,,,,,,,,,,,,,,,,,,,,,,,,,,,,,,,,,,,,,,,,,,,,,,,,,,,,,,,,,,,,,,,
2026-05-13,17.8700008392334,18.399999618530273,17.760000228881836,17.979999542236328,0,^VIX,45.435487709262205,,1.3243035028398853,,,17.898558583585988,0,-0.006670313141271755,-0.006692659105123569,-0.021218683757119994,0.0692262123175218,0.006440316794081857,0.0005753871901450491,2,5,,,,,,,,,,,,,,,,,,,,,,,,,,,,,,,,,,,,,,,,,,,,,,,,,,,,,,,,,,,,,,,,,,,
2026-05-14,17.260000228881836,18.079999923706055,17.200000762939453,17.860000610351562,0,^VIX,40.68358638558695,,1.2925674784060792,,,17.800318836708424,0,-0.0341354550477867,-0.03473167721848573,-0.006670313141271755,-0.021218683757119994,0.0692262123175218,-0.01782630689032183,3,5,,,,,,,,,,,,,,,,,,,,,,,,,,,,,,,,,,,,,,,,,,,,,,,,,,,,,,,,,,,,,,,,,,,
2026-05-15,18.43000030517578,19.270000457763672,17.799999237060547,18.06999969482422,0,^VIX,51.22122724277968,,1.3438126748686332,,,17.897192908780326,0,0.06778679378787822,0.0655880893242676,-0.0341354550477867,-0.006670313141271755,-0.021218683757119994,0.006440316794081857,4,5,,,,,,,,,,,,,,,,,,,,,,,,,,,,,,,,,,,,,,,,,,,,,,,,,,,,,,,R48,NA,EPG0,Natural Gas,SWO,Underground Storage - Working Gas,NW2_EPG0_SWO_R48_BCF,Weekly Lower 48 States Natural Gas Working Underground Storage (Billion Cubic Feet),2391.0,BCF,0.044104803493449696,,
2026-05-18,17.81999969482422,19.440000534057617,17.700000762939453,19.25,0,^VIX,46.575486493183654,,1.372111753172171,0.4397279657285057,18.00299987792969,17.885317029710155,0,-0.03309824201035161,-0.03365838332317586,0.06778679378787822,-0.0341354550477867,-0.006670313141271755,0.0692262123175218,0,5,,,,,,,,,,,,,,,,,,,,,,,,,,,,,,,,,,,,,,,,,,,,,,,,,,,,,,,,,,,,,,,,,,,
2026-05-19,18.059999465942383,18.360000610351562,17.65999984741211,18.010000228881836,0,^VIX,48.55260903553642,,1.3241038252984052,0.5475965285185689,17.930999851226808,17.91219125066896,0,0.01346800085456068,0.01337811350034388,-0.03309824201035161,0.06778679378787822,-0.0341354550477867,-0.021218683757119994,1,5,,,,,,,,,,,,,,,,,,,,,,,,,,,,,,,,,,,,,,,,,,,,,,,,,,,,,,,,,,,,,,,,,,,
2026-05-20,17.440000534057617,18.18000030517578,17.1299991607666,18.170000076293945,0,^VIX,44.02038239090125,,1.3045250623777462,0.3385170440647152,17.85699987411499,17.839546525036447,0,-0.03432995294678509,-0.03493306931413941,0.01346800085456068,-0.03309824201035161,0.06778679378787822,-0.006670313141271755,2,5,,,,,,,,,,,,,,,,,,,,,,,,,,,,,,,,,,,,,,,,,,,,,,,,,,,,,,,,,,,,,,,,,,,
2026-05-21,16.760000228881836,17.8700008392334,16.600000381469727,17.579999923706055,0,^VIX,39.64886095437468,,1.3020590191910266,0.09327837689996053,17.729499912261964,17.6734624794742,0,-0.03899084199268488,-0.03977134039303183,-0.03432995294678509,0.01346800085456068,-0.03309824201035161,-0.0341354550477867,3,5,,,,,,,,,,,,,,,,,,,,,,,,,,,,,,,,,,,,,,,,,,,,,,,,,,,,,,,,,,,,,,,,,,,
2026-05-22,16.700000762939453,17.389999389648438,16.459999084472656,16.829999923706055,0,^VIX,39.278219869047334,,1.2754833967613664,0.10739752568472494,17.628999996185303,17.523699138468853,0,-0.003579920353401156,-0.003586343602665399,-0.03899084199268488,-0.03432995294678509,0.01346800085456068,0.06778679378787822,4,5,,,,,,,,,,,,,,,,,,,,,,,,,,,,,,,,,,,,,,,,,,,,,,,,,,,,,,,R48,NA,EPG0,Natural Gas,SWO,Underground Storage - Working Gas,NW2_EPG0_SWO_R48_BCF,Weekly Lower 48 States Natural Gas Working Underground Storage (Billion Cubic Feet),2483.0,BCF,0.03847762442492675,,
2026-05-25,16.59000015258789,16.8700008392334,16.530000686645508,16.809999465942383,0,^VIX,38.56640928220201,,1.2086631650346895,0.1132690846294002,17.557499980926515,17.380053140641014,0,-0.006586862594382348,-0.006608651707770179,-0.003579920353401156,-0.03899084199268488,-0.03432995294678509,-0.03309824201035161,0,5,,,,,,,,,,,,,,,,,,,,,,,,,,,,,,,,,,,,,,,,,,,,,,,,,,,,,,,,,,,,,,,,,,,
2026-05-26,17.010000228881836,17.229999542236328,16.559999465942383,16.920000076293945,0,^VIX,42.82675138140468,-0.4655759929710115,1.1701872301246363,0.2999789738054069,17.516499996185303,17.323121923447292,0,0.025316460062143387,0.025001306463557107,-0.006586862594382348,-0.003579920353401156,-0.03899084199268488,0.01346800085456068,1,5,,,,,,,,,,,,,,,,,,,,,,,,,,,,,,,,,,,,,,,,,,,,,,,,,,,,,,,,,,,,,,,,,,,
2026-05-27,16.290000915527344,17.18000030517578,16.290000915527344,17.010000228881836,0,^VIX,37.96602574609727,-0.5135030938385654,1.150173812947765,0.05158597816308691,17.39050006866455,17.164180229921147,0,-0.042328001391321646,-0.04324994104773904,0.025316460062143387,-0.006586862594382348,-0.003579920353401156,-0.03432995294678509,2,5,,,,,,,,,,,,,,,,,,,,,,,,,,,,,,,,,,,,,,,,,,,,,,,,,,,,,,,,,,,,,,,,,,,
2026-05-28,15.739999771118164,16.850000381469727,15.609999656677246,16.760000228881836,0,^VIX,34.72389445748021,-0.5890756647977682,1.1565900209366735,-0.06500976748603451,17.333000087738036,16.945075543951457,0,-0.03376311316747249,-0.03434625036790919,-0.042328001391321646,0.025316460062143387,-0.006586862594382348,-0.03899084199268488,3,5,,,,,,,,,,,,,,,,,,,,,,,,,,,,,,,,,,,,,,,,,,,,,,,,,,,,,,,,,,,,,,,,,,,
2026-05-29,15.319999694824219,15.880000114440918,15.220000267028809,15.8100004196167,0,^VIX,32.445345706758886,-0.675076110640564,1.1211192942563475,-0.08215815487963207,17.24950008392334,16.69506387485496,0,-0.026683613875561618,-0.02704608405548948,-0.03376311316747249,-0.042328001391321646,0.025316460062143387,-0.003579920353401156,4,5,,,,,,,,,,,,,,,,,,,,,,,,,,,,,,,,,,,,,,,,,,,,,,,,,,,,,,,,,,,,,,,,,,,
2026-04-21,98.41000366210938,98.56999969482422,98.05999755859375,98.05999755859375,0,DX-Y.NYB,,,0.0,,,,0,,,,,,,1,4,7.4,3.3,11.7,47,0.0,0,5.8,,2,3.4,1.2,5.9,49,0.0,7.5,1010.6,7,16.3,5.0,27.0,46,0.0,3.1,1012.4,6,15.3,14.0,16.8,61,1.7,0,5.4,1017.0,7,21.7,13.5,29.7,36,0.0,,8.7,45.0,1004.1,6,5.3,1.4,9.0,61,0.0,1,13.0,,1021.5,5,,,,,,,,,,,,,
2026-04-22,98.58999633789062,98.63999938964844,98.20999908447266,98.4000015258789,0,DX-Y.NYB,,,0.0,,,,0,0.0018290079167078144,0.001827337318442917,,,,,2,4,10.2,7.8,13.0,90,1.3,0,6.5,,6,6.6,-0.0,11.8,47,0.0,3.7,1006.6,3,16.9,8.0,22.0,57,0.0,2.5,1012.4,7,15.6,13.8,17.9,93,31.4,0,4.7,1007.8,6,15.5,9.3,21.6,55,0.2,,28.7,67.6,1004.3,8,11.0,5.0,17.7,58,0.0,1,7.2,,1013.9,1,,,,,,,,,,,,,
2026-04-23,98.80000305175781,98.94000244140625,98.52999877929688,98.62000274658203,0,DX-Y.NYB,,,0.0,,,,0,0.0021301016499426506,0.0021278361999452116,0.0018290079167078144,,,,3,4,16.3,8.9,23.9,55,0.0,0,3.3,1013.6,4,6.1,4.1,9.0,62,3.5,5.6,996.1,7,17.5,8.0,25.0,59,0.0,3.0,1011.2,6,14.5,12.0,17.0,74,8.1,0,5.2,1012.3,7,9.3,5.7,13.1,50,0.0,0,37.6,82.6,1017.1,7,12.6,8.1,16.6,47,0.0,1,9.5,,1016.7,2,,,,,,,,,,,,,
2026-04-24,98.51000213623047,98.91999816894531,98.48999786376953,98.81999969482422,0,DX-Y.NYB,,,0.0,,,,0,-0.0029352318478717,-0.0029395480890536487,0.0021301016499426506,0.0018290079167078144,,,4,4,14.5,11.1,18.9,56,0.0,0,6.1,1012.4,5,6.2,2.8,9.4,59,0.0,6.2,1000.7,6,18.7,12.0,24.0,72,0.0,1.6,1009.9,8,17.4,11.9,23.4,60,0.0,0,3.6,1016.1,4,6.6,4.1,9.2,49,1.1,3,44.9,91.0,1021.1,8,8.3,4.8,11.9,57,2.0,0,19.1,52.0,1013.8,6,R48,NA,EPG0,Natural Gas,SWO,Underground Storage - Working Gas,NW2_EPG0_SWO_R48_BCF,Weekly Lower 48 States Natural Gas Working Underground Storage (Billion Cubic Feet),2142.0,BCF,,,
2026-04-27,98.4800033569336,99.33999633789062,98.20999908447266,99.33000183105469,0,DX-Y.NYB,,,0.0,,,,0,-0.000304525212123985,-0.0003045715893419883,-0.0029352318478717,0.0021301016499426506,0.0018290079167078144,,0,4,11.8,5.5,18.5,68,0.0,,9.7,1024.1,0,5.8,2.9,8.4,71,10.2,9.6,1004.2,6,16.8,9.0,25.0,40,0.0,5.7,1013.2,4,23.1,16.8,29.8,58,0.0,0,3.5,1011.4,6,7.7,0.3,15.2,60,0.0,0,12.9,36.4,1019.5,1,11.1,5.7,16.2,58,0.0,2,15.3,54.0,1022.5,4,,,,,,,,,,,,,
2026-04-28,98.62000274658203,98.87000274658203,98.43000030517578,98.47000122070312,0,DX-Y.NYB,,,0.0,,,,0,0.001421602202236194,0.0014205926824692504,-0.000304525212123985,-0.0029352318478717,0.0021301016499426506,,1,4,13.2,10.5,18.7,68,,,7.7,1021.1,6,6.5,3.4,9.2,68,8.9,10.0,1008.5,6,15.2,8.0,21.2,46,0.0,6.9,1020.4,6,16.1,11.7,22.0,74,14.1,0,12.2,1016.2,7,12.2,3.5,20.8,48,0.0,,11.9,45.9,1017.2,4,12.8,10.1,15.8,76,5.3,1,18.8,33.0,1012.3,8,,,,,,,,,,,,,
2026-04-29,98.91999816894531,99.05000305175781,98.56999969482422,98.61000061035156,0,DX-Y.NYB,,,0.0,,,,0,0.00304193281290166,0.0030373154966233475,0.001421602202236194,-0.000304525212123985,-0.0029352318478717,0.0018290079167078144,2,4,12.5,10.5,15.5,63,,,13.4,1014.1,7,1.5,-0.7,3.9,82,1.9,14.4,1015.2,8,16.4,4.0,25.0,44,0.0,3.7,1018.8,4,11.1,9.9,11.9,85,23.9,0,6.4,1020.6,6,13.8,4.1,23.1,45,0.0,,9.8,37.3,1023.3,2,10.0,6.6,13.2,71,1.6,1,11.6,37.0,1010.4,8,,,,,,,,,,,,,
2026-04-30,98.08000183105469,99.08999633789062,98.01000213623047,98.8499984741211,0,DX-Y.NYB,,,0.0,,,,0,-0.00849167360937464,-0.008527933285862791,0.00304193281290166,0.001421602202236194,-0.000304525212123985,0.0021301016499426506,3,4,12.1,10.2,14.9,66,,,20.5,1005.7,7,,,,,,,,,19.5,9.0,28.0,42,0.0,3.4,1011.7,4,15.0,10.4,19.9,60,0.0,0,5.3,1018.4,3,19.0,8.9,27.7,35,0.0,,7.7,35.0,1019.2,2,9.1,6.0,12.9,58,0.0,1,14.0,32.0,1011.0,4,,,,,,,,,,,,,
2026-05-01,98.20999908447266,98.23999786376953,97.72000122070312,98.12999725341797,0,DX-Y.NYB,,,0.0,,,,0,0.0013254205851453982,0.001324542990650584,-0.00849167360937464,0.00304193281290166,0.001421602202236194,-0.0029352318478717,4,5,11.6,8.7,15.2,41,,,27.2,1010.3,4,,,,,,,,,19.3,10.0,25.1,50,0.0,6.8,1009.8,8,18.1,11.9,23.8,57,0.0,0,7.4,1016.1,3,20.5,11.8,28.6,34,0.0,,13.6,59.9,1014.3,5,6.7,2.7,10.1,61,0.0,,9.1,,1013.6,4,R48,NA,EPG0,Natural Gas,SWO,Underground Storage - Working Gas,NW2_EPG0_SWO_R48_BCF,Weekly Lower 48 States Natural Gas Working Underground Storage (Billion Cubic Feet),2205.0,BCF,0.02941176470588225,,
2026-05-04,98.47000122070312,98.54000091552734,97.97000122070312,98.05000305175781,0,DX-Y.NYB,,,0.0,,,,0,0.0026474100260081013,0.002643911808868412,0.0013254205851453982,-0.00849167360937464,0.00304193281290166,-0.000304525212123985,0,5,13.1,9.4,16.6,48,,,16.8,1009.0,5,,,,,,,,,16.5,3.0,26.0,47,0.0,3.1,1011.2,4,20.2,14.8,25.6,59,0.0,0,3.0,1016.8,5,15.9,10.7,21.0,40,0.0,,20.9,58.8,1017.5,7,12.7,8.3,16.9,63,0.0,,20.8,,1004.3,4,,,,,,,,,,,,,
2026-05-05,98.4800033569336,98.58000183105469,98.30999755859375,98.47000122070312,0,DX-Y.NYB,,,0.0,,,,0,0.00010157546568989595,0.00010157030725159178,0.0026474100260081013,0.0013254205851453982,-0.00849167360937464,0.001421602202236194,1,5,14.9,11.1,18.9,53,,,15.1,1007.8,6,,,,,,,,,21.5,12.0,30.0,55,0.0,3.2,1004.2,7,22.1,16.2,27.7,54,0.0,0,4.8,1014.8,2,13.4,8.9,18.0,44,0.0,,11.9,36.9,1019.7,4,12.6,8.1,17.3,72,2.0,,15.2,52.0,1004.0,7,,,,,,,,,,,,,
2026-05-06,98.0199966430664,98.33999633789062,97.62999725341797,98.30999755859375,0,DX-Y.NYB,,,0.0,,,98.39288584430757,0,-0.004671067203358303,-0.0046820107296972075,0.00010157546568989595,0.0026474100260081013,0.0013254205851453982,0.00304193281290166,2,5,15.2,12.2,18.4,51,,,17.1,1010.5,6,,,,,,,,,21.0,15.0,24.0,55,0.0,2.8,1006.3,8,22.0,16.7,28.5,56,0.0,0,5.8,1012.9,2,17.5,5.5,29.4,39,0.0,,10.7,44.8,1011.1,3,7.4,4.5,10.5,86,2.9,,9.9,37.0,1010.8,8,,,,,,,,,,,,,
2026-05-07,98.25,98.27999877929688,97.81999969482422,98.02999877929688,0,DX-Y.NYB,,,0.0,,,98.3709034067218,0,0.002346494233938179,0.0023437455154049283,-0.004671067203358303,0.00010157546568989595,0.0026474100260081013,-0.00849167360937464,3,5,,,,,,,,,,,,,,,,,,,,,,,,,,,,,,,,,,,,,,,,,,,,,,,,,,,,,,,,,,,,,,,,,,,
2026-05-08,97.83999633789062,98.27999877929688,97.83000183105469,98.25,0,DX-Y.NYB,38.22789917743156,,0.5735718863351005,,,98.28922539613238,0,-0.004173065263199716,-0.004181796800026888,0.002346494233938179,-0.004671067203358303,0.00010157546568989595,0.0013254205851453982,4,5,,,,,,,,,,,,,,,,,,,,,,,,,,,,,,,,,,,,,,,,,,,,,,,,,,,,,,,R48,NA,EPG0,Natural Gas,SWO,Underground Storage - Working Gas,NW2_EPG0_SWO_R48_BCF,Weekly Lower 48 States Natural Gas Working Underground Storage (Billion Cubic Feet),2290.0,BCF,0.038548752834467015,,
2026-05-11,97.94000244140625,98.1500015258789,97.8499984741211,98.04000091552734,0,DX-Y.NYB,40.853381991148225,,0.554745693596042,,,98.23549878771298,0,0.0010221392810589869,0.0010216172523977618,-0.004173065263199716,0.002346494233938179,-0.004671067203358303,0.0026474100260081013,0,5,,,,,,,,,,,,,,,,,,,,,,,,,,,,,,,,,,,,,,,,,,,,,,,,,,,,,,,,,,,,,,,,,,,
2026-05-12,98.29000091552734,98.45999908447266,97.94999694824219,97.95999908447266,0,DX-Y.NYB,49.01997933703985,,0.5522636185582108,,,98.24388373045366,0,0.0035736008310851552,0.0035672306913487398,0.0010221392810589869,-0.004173065263199716,0.002346494233938179,0.00010157546568989595,1,5,,,,,,,,,,,,,,,,,,,,,,,,,,,,,,,,,,,,,,,,,,,,,,,,,,,,,,,,,,,,,,,,,,,
2026-05-13,98.4800033569336,98.5999984741211,98.26000213623047,98.30999755859375,0,DX-Y.NYB,52.82778852164042,,0.5371016699390976,,,98.28020982683519,0,0.0019330800654844271,0.0019312140705727032,0.0035736008310851552,0.0010221392810589869,-0.004173065263199716,-0.004671067203358303,2,5,,,,,,,,,,,,,,,,,,,,,,,,,,,,,,,,,,,,,,,,,,,,,,,,,,,,,,,,,,,,,,,,,,,
2026-05-14,98.87999725341797,98.91000366210938,98.41999816894531,98.45999908447266,0,DX-Y.NYB,59.659039893119456,,0.5337376573123094,,,98.37248481554023,0,0.0040616763083833884,0.0040534499687955045,0.0019330800654844271,0.0035736008310851552,0.0010221392810589869,0.002346494233938179,3,5,,,,,,,,,,,,,,,,,,,,,,,,,,,,,,,,,,,,,,,,,,,,,,,,,,,,,,,,,,,,,,,,,,,
2026-05-15,99.2699966430664,99.31999969482422,98.91999816894531,98.93000030517578,0,DX-Y.NYB,64.98356846316562,,0.5270422847475909,,,98.51056355823657,0,0.003944168694189232,0.0039364108529774495,0.0040616763083833884,0.0019330800654844271,0.0035736008310851552,-0.004173065263199716,4,5,,,,,,,,,,,,,,,,,,,,,,,,,,,,,,,,,,,,,,,,,,,,,,,,,,,,,,,R48,NA,EPG0,Natural Gas,SWO,Underground Storage - Working Gas,NW2_EPG0_SWO_R48_BCF,Weekly Lower 48 States Natural Gas Working Underground Storage (Billion Cubic Feet),2391.0,BCF,0.044104803493449696,,
2026-05-18,98.97000122070312,99.41000366210938,98.94999694824219,99.27999877929688,0,DX-Y.NYB,58.578702262491696,,0.5222540296847049,0.8433971590890146,98.47550048828126,98.58124627553912,0,-0.0030220150348341246,-0.0030265905427638794,0.003944168694189232,0.0040616763083833884,0.0019330800654844271,0.0010221392810589869,0,5,,,,,,,,,,,,,,,,,,,,,,,,,,,,,,,,,,,,,,,,,,,,,,,,,,,,,,,,,,,,,,,,,,,
2026-05-19,99.30000305175781,99.43000030517578,98.97000122070312,98.97000122070312,0,DX-Y.NYB,62.9093901448524,,0.5178072478838442,0.9853825317910124,98.52000045776367,98.69182424111123,0,0.003334362200509533,0.00332881554116172,-0.0030220150348341246,0.003944168694189232,0.0040616763083833884,0.0035736008310851552,1,5,,,,,,,,,,,,,,,,,,,,,,,,,,,,,,,,,,,,,,,,,,,,,,,,,,,,,,,,,,,,,,,,,,,
2026-05-20,99.11000061035156,99.47000122070312,98.97000122070312,99.2699966430664,0,DX-Y.NYB,59.079407303273754,,0.5165353016064268,0.8343108375230905,98.54600067138672,98.7561590671482,0,-0.0019134182836552105,-0.00191525120689174,0.003334362200509533,-0.0030220150348341246,0.003944168694189232,0.0019330800654844271,2,5,,,,,,,,,,,,,,,,,,,,,,,,,,,,,,,,,,,,,,,,,,,,,,,,,,,,,,,,,,,,,,,,,,,
2026-05-21,99.19000244140625,99.5199966430664,99.05999755859375,99.12000274658203,0,DX-Y.NYB,60.17872185746293,,0.512497000382586,0.8535409789884887,98.56550064086915,98.82290420164945,0,0.0008072024070426842,0.0008068767943914787,-0.0019134182836552105,0.003334362200509533,-0.0030220150348341246,0.0040616763083833884,3,5,,,,,,,,,,,,,,,,,,,,,,,,,,,,,,,,,,,,,,,,,,,,,,,,,,,,,,,,,,,,,,,,,,,
2026-05-22,99.31999969482422,99.41000366210938,99.16999816894531,99.19999694824219,0,DX-Y.NYB,61.96670314153486,,0.4930333212955486,0.8791145123808886,98.60600051879882,98.89938043136864,0,0.001310588267146695,0.0013097301959805485,0.0008072024070426842,-0.0019134182836552105,0.003334362200509533,0.003944168694189232,4,5,,,,,,,,,,,,,,,,,,,,,,,,,,,,,,,,,,,,,,,,,,,,,,,,,,,,,,,R48,NA,EPG0,Natural Gas,SWO,Underground Storage - Working Gas,NW2_EPG0_SWO_R48_BCF,Weekly Lower 48 States Natural Gas Working Underground Storage (Billion Cubic Feet),2483.0,BCF,0.03847762442492675,,
2026-05-26,99.16999816894531,99.25,98.98999786376953,98.98999786376953,0,DX-Y.NYB,58.69199336473692,,0.48138821484977284,0.7727169824827695,98.64050025939942,98.94101392945736,0,-0.001510285202776962,-0.0015114268330768423,0.001310588267146695,0.0008072024070426842,-0.0019134182836552105,-0.0030220150348341246,1,5,,,,,,,,,,,,,,,,,,,,,,,,,,,,,,,,,,,,,,,,,,,,,,,,,,,,,,,,,,,,,,,,,,,
2026-05-27,99.20999908447266,99.26000213623047,98.97000122070312,99.08000183105469,0,DX-Y.NYB,59.30953468207984,0.22535047533092722,0.46771769346959935,0.7694986973902314,98.67000007629395,98.98239626099817,0,0.00040335702597471546,0.0004032756993978764,-0.001510285202776962,0.001310588267146695,0.0008072024070426842,0.003334362200509533,2,5,,,,,,,,,,,,,,,,,,,,,,,,,,,,,,,,,,,,,,,,,,,,,,,,,,,,,,,,,,,,,,,,,,,
2026-05-28,99.0199966430664,99.54000091552734,98.94999694824219,99.2699966430664,0,DX-Y.NYB,55.09618735252293,0.21165730820644058,0.4764524273135677,0.6711667109556175,98.675,98.98818093516252,0,-0.0019151541493763746,-0.0019169904019299942,0.00040335702597471546,-0.001510285202776962,0.001310588267146695,-0.0019134182836552105,3,5,,,,,,,,,,,,,,,,,,,,,,,,,,,,,,,,,,,,,,,,,,,,,,,,,,,,,,,,,,,,,,,,,,,
2026-05-29,98.91000366210938,99.19000244140625,98.75,99.0,0,DX-Y.NYB,52.759534609955324,0.1897426254176935,0.47384885689161643,0.5993190149535753,98.71650009155273,98.97615366238512,0,-0.001110815842112367,-0.001111433255293822,-0.0019151541493763746,0.00040335702597471546,-0.001510285202776962,0.0008072024070426842,4,5,,,,,,,,,,,,,,,,,,,,,,,,,,,,,,,,,,,,,,,,,,,,,,,,,,,,,,,,,,,,,,,,,,,
